0 verbose cli /usr/local/bin/node /usr/local/bin/npm
1 info using npm@11.13.0
2 info using node@v24.16.0
3 silly config load:file:/usr/local/lib/node_modules/npm/npmrc
4 silly config load:file:/Users/lixiuhui/Desktop/vibe coding/培训汇报/site2/.npmrc
5 silly config load:file:/Users/lixiuhui/.npmrc
6 silly config load:file:/usr/local/etc/npmrc
7 verbose title npm install react-is
8 verbose argv "install" "react-is" "--cache" "/Users/lixiuhui/Desktop/vibe coding/培训汇报/site2/.npmcache" "--legacy-peer-deps"
9 verbose logfile logs-max:10 dir:/Users/lixiuhui/Desktop/vibe coding/培训汇报/site2/.npmcache/_logs/2026-06-09T05_36_29_807Z-
10 verbose logfile /Users/lixiuhui/Desktop/vibe coding/培训汇报/site2/.npmcache/_logs/2026-06-09T05_36_29_807Z-debug-0.log
11 silly logfile done cleaning log files
12 silly packumentCache heap:2348810240 maxSize:587202560 maxEntrySize:293601280
13 silly idealTree buildDeps
14 silly fetch manifest react-is@*
15 silly packumentCache full:https://registry.npmjs.org/react-is cache-miss
16 verbose shrinkwrap failed to load node_modules/.package-lock.json out of date, updated: node_modules
17 http fetch GET 200 https://registry.npmjs.org/react-is 7183ms (cache miss)
18 silly packumentCache full:https://registry.npmjs.org/react-is set size:undefined disposed:false
19 silly placeDep ROOT react-is@19.2.7 OK for: masterPortfolio@0.1.0 want: *
20 silly reify moves {}
21 silly audit bulk request {
21 silly audit   '@ampproject/remapping': [ '2.3.0' ],
21 silly audit   '@babel/code-frame': [ '7.24.2', '7.5.5' ],
21 silly audit   '@babel/compat-data': [ '7.24.1' ],
21 silly audit   '@babel/core': [ '7.24.3', '7.9.0', '7.6.0' ],
21 silly audit   semver: [ '6.3.1', '5.7.2', '7.6.0', '6.3.0' ],
21 silly audit   '@babel/generator': [ '7.24.1' ],
21 silly audit   '@babel/helper-annotate-as-pure': [ '7.22.5' ],
21 silly audit   '@babel/helper-builder-binary-assignment-operator-visitor': [ '7.22.15' ],
21 silly audit   '@babel/helper-compilation-targets': [ '7.23.6' ],
21 silly audit   '@babel/helper-create-class-features-plugin': [ '7.24.1' ],
21 silly audit   '@babel/helper-create-regexp-features-plugin': [ '7.22.15' ],
21 silly audit   '@babel/helper-define-polyfill-provider': [ '0.6.1' ],
21 silly audit   resolve: [ '1.22.8', '1.1.7', '1.12.0' ],
21 silly audit   '@babel/helper-environment-visitor': [ '7.22.20' ],
21 silly audit   '@babel/helper-function-name': [ '7.23.0' ],
21 silly audit   '@babel/helper-hoist-variables': [ '7.22.5' ],
21 silly audit   '@babel/helper-member-expression-to-functions': [ '7.23.0' ],
21 silly audit   '@babel/helper-module-imports': [ '7.24.3' ],
21 silly audit   '@babel/helper-module-transforms': [ '7.23.3' ],
21 silly audit   '@babel/helper-optimise-call-expression': [ '7.22.5' ],
21 silly audit   '@babel/helper-plugin-utils': [ '7.24.0' ],
21 silly audit   '@babel/helper-remap-async-to-generator': [ '7.22.20' ],
21 silly audit   '@babel/helper-replace-supers': [ '7.24.1' ],
21 silly audit   '@babel/helper-simple-access': [ '7.22.5' ],
21 silly audit   '@babel/helper-skip-transparent-expression-wrappers': [ '7.22.5' ],
21 silly audit   '@babel/helper-split-export-declaration': [ '7.22.6' ],
21 silly audit   '@babel/helper-string-parser': [ '7.24.1' ],
21 silly audit   '@babel/helper-validator-identifier': [ '7.22.20' ],
21 silly audit   '@babel/helper-validator-option': [ '7.23.5' ],
21 silly audit   '@babel/helper-wrap-function': [ '7.22.20' ],
21 silly audit   '@babel/helpers': [ '7.24.1' ],
21 silly audit   '@babel/highlight': [ '7.24.2' ],
21 silly audit   'ansi-styles': [ '3.2.1', '4.3.0', '2.2.1' ],
21 silly audit   chalk: [ '2.4.2', '1.1.3', '4.1.2' ],
21 silly audit   'has-flag': [ '3.0.0', '4.0.0' ],
21 silly audit   'supports-color': [ '5.5.0', '2.0.0', '6.1.0', '7.2.0' ],
21 silly audit   '@babel/parser': [ '7.24.1' ],
21 silly audit   '@babel/plugin-bugfix-safari-id-destructuring-collision-in-function-expression': [ '7.24.1' ],
21 silly audit   '@babel/plugin-bugfix-v8-spread-parameters-in-optional-chaining': [ '7.24.1' ],
21 silly audit   '@babel/plugin-bugfix-v8-static-class-fields-redefine-readonly': [ '7.24.1' ],
21 silly audit   '@babel/plugin-proposal-async-generator-functions': [ '7.20.7' ],
21 silly audit   '@babel/plugin-proposal-class-properties': [ '7.8.3' ],
21 silly audit   '@babel/plugin-proposal-decorators': [ '7.8.3' ],
21 silly audit   '@babel/plugin-proposal-dynamic-import': [ '7.18.6' ],
21 silly audit   '@babel/plugin-proposal-json-strings': [ '7.18.6' ],
21 silly audit   '@babel/plugin-proposal-nullish-coalescing-operator': [ '7.8.3' ],
21 silly audit   '@babel/plugin-proposal-numeric-separator': [ '7.8.3' ],
21 silly audit   '@babel/plugin-proposal-object-rest-spread': [ '7.20.7' ],
21 silly audit   '@babel/plugin-proposal-optional-catch-binding': [ '7.18.6' ],
21 silly audit   '@babel/plugin-proposal-optional-chaining': [ '7.9.0' ],
21 silly audit   '@babel/plugin-proposal-private-property-in-object': [ '7.21.0-placeholder-for-preset-env.2' ],
21 silly audit   '@babel/plugin-proposal-unicode-property-regex': [ '7.18.6' ],
21 silly audit   '@babel/plugin-syntax-async-generators': [ '7.8.4' ],
21 silly audit   '@babel/plugin-syntax-class-properties': [ '7.12.13' ],
21 silly audit   '@babel/plugin-syntax-class-static-block': [ '7.14.5' ],
21 silly audit   '@babel/plugin-syntax-decorators': [ '7.24.1' ],
21 silly audit   '@babel/plugin-syntax-dynamic-import': [ '7.8.3' ],
21 silly audit   '@babel/plugin-syntax-export-namespace-from': [ '7.8.3' ],
21 silly audit   '@babel/plugin-syntax-flow': [ '7.24.1' ],
21 silly audit   '@babel/plugin-syntax-import-assertions': [ '7.24.1' ],
21 silly audit   '@babel/plugin-syntax-import-attributes': [ '7.24.1' ],
21 silly audit   '@babel/plugin-syntax-import-meta': [ '7.10.4' ],
21 silly audit   '@babel/plugin-syntax-json-strings': [ '7.8.3' ],
21 silly audit   '@babel/plugin-syntax-jsx': [ '7.24.1' ],
21 silly audit   '@babel/plugin-syntax-logical-assignment-operators': [ '7.10.4' ],
21 silly audit   '@babel/plugin-syntax-nullish-coalescing-operator': [ '7.8.3' ],
21 silly audit   '@babel/plugin-syntax-numeric-separator': [ '7.10.4' ],
21 silly audit   '@babel/plugin-syntax-object-rest-spread': [ '7.8.3' ],
21 silly audit   '@babel/plugin-syntax-optional-catch-binding': [ '7.8.3' ],
21 silly audit   '@babel/plugin-syntax-optional-chaining': [ '7.8.3' ],
21 silly audit   '@babel/plugin-syntax-private-property-in-object': [ '7.14.5' ],
21 silly audit   '@babel/plugin-syntax-top-level-await': [ '7.14.5' ],
21 silly audit   '@babel/plugin-syntax-typescript': [ '7.24.1' ],
21 silly audit   '@babel/plugin-syntax-unicode-sets-regex': [ '7.18.6' ],
21 silly audit   '@babel/plugin-transform-arrow-functions': [ '7.24.1' ],
21 silly audit   '@babel/plugin-transform-async-generator-functions': [ '7.24.3' ],
21 silly audit   '@babel/plugin-transform-async-to-generator': [ '7.24.1' ],
21 silly audit   '@babel/plugin-transform-block-scoped-functions': [ '7.24.1' ],
21 silly audit   '@babel/plugin-transform-block-scoping': [ '7.24.1' ],
21 silly audit   '@babel/plugin-transform-class-properties': [ '7.24.1' ],
21 silly audit   '@babel/plugin-transform-class-static-block': [ '7.24.1' ],
21 silly audit   '@babel/plugin-transform-classes': [ '7.24.1' ],
21 silly audit   '@babel/plugin-transform-computed-properties': [ '7.24.1' ],
21 silly audit   '@babel/plugin-transform-destructuring': [ '7.24.1' ],
21 silly audit   '@babel/plugin-transform-dotall-regex': [ '7.24.1' ],
21 silly audit   '@babel/plugin-transform-duplicate-keys': [ '7.24.1' ],
21 silly audit   '@babel/plugin-transform-dynamic-import': [ '7.24.1' ],
21 silly audit   '@babel/plugin-transform-exponentiation-operator': [ '7.24.1' ],
21 silly audit   '@babel/plugin-transform-export-namespace-from': [ '7.24.1' ],
21 silly audit   '@babel/plugin-transform-flow-strip-types': [ '7.9.0' ],
21 silly audit   '@babel/plugin-transform-for-of': [ '7.24.1' ],
21 silly audit   '@babel/plugin-transform-function-name': [ '7.24.1' ],
21 silly audit   '@babel/plugin-transform-json-strings': [ '7.24.1' ],
21 silly audit   '@babel/plugin-transform-literals': [ '7.24.1' ],
21 silly audit   '@babel/plugin-transform-logical-assignment-operators': [ '7.24.1' ],
21 silly audit   '@babel/plugin-transform-member-expression-literals': [ '7.24.1' ],
21 silly audit   '@babel/plugin-transform-modules-amd': [ '7.24.1' ],
21 silly audit   '@babel/plugin-transform-modules-commonjs': [ '7.24.1' ],
21 silly audit   '@babel/plugin-transform-modules-systemjs': [ '7.24.1' ],
21 silly audit   '@babel/plugin-transform-modules-umd': [ '7.24.1' ],
21 silly audit   '@babel/plugin-transform-named-capturing-groups-regex': [ '7.22.5' ],
21 silly audit   '@babel/plugin-transform-new-target': [ '7.24.1' ],
21 silly audit   '@babel/plugin-transform-nullish-coalescing-operator': [ '7.24.1' ],
21 silly audit   '@babel/plugin-transform-numeric-separator': [ '7.24.1' ],
21 silly audit   '@babel/plugin-transform-object-rest-spread': [ '7.24.1' ],
21 silly audit   '@babel/plugin-transform-object-super': [ '7.24.1' ],
21 silly audit   '@babel/plugin-transform-optional-catch-binding': [ '7.24.1' ],
21 silly audit   '@babel/plugin-transform-optional-chaining': [ '7.24.1' ],
21 silly audit   '@babel/plugin-transform-parameters': [ '7.24.1' ],
21 silly audit   '@babel/plugin-transform-private-methods': [ '7.24.1' ],
21 silly audit   '@babel/plugin-transform-private-property-in-object': [ '7.24.1' ],
21 silly audit   '@babel/plugin-transform-property-literals': [ '7.24.1' ],
21 silly audit   '@babel/plugin-transform-react-constant-elements': [ '7.24.1' ],
21 silly audit   '@babel/plugin-transform-react-display-name': [ '7.24.1', '7.8.3' ],
21 silly audit   '@babel/plugin-transform-react-jsx': [ '7.23.4' ],
21 silly audit   '@babel/plugin-transform-react-jsx-development': [ '7.22.5' ],
21 silly audit   '@babel/plugin-transform-react-jsx-self': [ '7.24.1' ],
21 silly audit   '@babel/plugin-transform-react-jsx-source': [ '7.24.1' ],
21 silly audit   '@babel/plugin-transform-react-pure-annotations': [ '7.24.1' ],
21 silly audit   '@babel/plugin-transform-regenerator': [ '7.24.1' ],
21 silly audit   '@babel/plugin-transform-reserved-words': [ '7.24.1' ],
21 silly audit   '@babel/plugin-transform-runtime': [ '7.9.0' ],
21 silly audit   '@babel/plugin-transform-shorthand-properties': [ '7.24.1' ],
21 silly audit   '@babel/plugin-transform-spread': [ '7.24.1' ],
21 silly audit   '@babel/plugin-transform-sticky-regex': [ '7.24.1' ],
21 silly audit   '@babel/plugin-transform-template-literals': [ '7.24.1' ],
21 silly audit   '@babel/plugin-transform-typeof-symbol': [ '7.24.1' ],
21 silly audit   '@babel/plugin-transform-typescript': [ '7.24.1' ],
21 silly audit   '@babel/plugin-transform-unicode-escapes': [ '7.24.1' ],
21 silly audit   '@babel/plugin-transform-unicode-property-regex': [ '7.24.1' ],
21 silly audit   '@babel/plugin-transform-unicode-regex': [ '7.24.1' ],
21 silly audit   '@babel/plugin-transform-unicode-sets-regex': [ '7.24.1' ],
21 silly audit   '@babel/preset-env': [ '7.24.3', '7.9.0' ],
21 silly audit   '@babel/preset-modules': [ '0.1.6-no-external-plugins', '0.1.6' ],
21 silly audit   '@babel/preset-react': [ '7.24.1', '7.9.1' ],
21 silly audit   '@babel/preset-typescript': [ '7.9.0' ],
21 silly audit   '@babel/regjsgen': [ '0.8.0' ],
21 silly audit   '@babel/runtime': [ '7.24.1', '7.9.0' ],
21 silly audit   '@babel/template': [ '7.24.0' ],
21 silly audit   '@babel/traverse': [ '7.24.1' ],
21 silly audit   '@babel/types': [ '7.24.0' ],
21 silly audit   '@cnakazawa/watch': [ '1.0.4' ],
21 silly audit   '@csstools/convert-colors': [ '1.4.0' ],
21 silly audit   '@csstools/normalize.css': [ '9.0.1' ],
21 silly audit   '@date-io/core': [ '2.17.0' ],
21 silly audit   '@date-io/date-fns': [ '2.17.0' ],
21 silly audit   '@emotion/is-prop-valid': [ '1.2.2' ],
21 silly audit   '@emotion/memoize': [ '0.8.1' ],
21 silly audit   '@emotion/stylis': [ '0.8.5' ],
21 silly audit   '@emotion/unitless': [ '0.7.5' ],
21 silly audit   '@hapi/address': [ '2.1.4' ],
21 silly audit   '@hapi/bourne': [ '1.3.2' ],
21 silly audit   '@hapi/hoek': [ '8.5.1' ],
21 silly audit   '@hapi/joi': [ '15.1.1' ],
21 silly audit   '@hapi/topo': [ '3.1.6' ],
21 silly audit   '@jest/console': [ '24.9.0' ],
21 silly audit   slash: [ '2.0.0', '1.0.0', '3.0.0' ],
21 silly audit   '@jest/core': [ '24.9.0' ],
21 silly audit   'ansi-escapes': [ '3.2.0', '4.3.2' ],
21 silly audit   braces: [ '2.3.2', '3.0.2' ],
21 silly audit   'extend-shallow': [ '2.0.1', '3.0.2' ],
21 silly audit   'fill-range': [ '4.0.0', '7.0.1' ],
21 silly audit   'is-number': [ '3.0.0', '7.0.0' ],
21 silly audit   'kind-of': [ '3.2.2', '6.0.3', '4.0.0', '2.0.1' ],
21 silly audit   micromatch: [ '3.1.10', '4.0.5' ],
21 silly audit   'strip-ansi': [ '5.2.0', '3.0.1', '4.0.0', '6.0.1' ],
21 silly audit   'to-regex-range': [ '2.1.1', '5.0.1' ],
21 silly audit   '@jest/environment': [ '24.9.0' ],
21 silly audit   '@jest/fake-timers': [ '24.9.0' ],
21 silly audit   '@jest/reporters': [ '24.9.0' ],
21 silly audit   '@jest/source-map': [ '24.9.0' ],
21 silly audit   '@jest/test-result': [ '24.9.0' ],
21 silly audit   '@jest/test-sequencer': [ '24.9.0' ],
21 silly audit   '@jest/transform': [ '24.9.0' ],
21 silly audit   'convert-source-map': [ '1.9.0', '2.0.0', '1.6.0', '0.3.5' ],
21 silly audit   '@jest/types': [ '24.9.0' ],
21 silly audit   '@jridgewell/gen-mapping': [ '0.3.5' ],
21 silly audit   '@jridgewell/resolve-uri': [ '3.1.2' ],
21 silly audit   '@jridgewell/set-array': [ '1.2.1' ],
21 silly audit   '@jridgewell/sourcemap-codec': [ '1.4.15' ],
21 silly audit   '@jridgewell/trace-mapping': [ '0.3.25' ],
21 silly audit   '@mrmlnc/readdir-enhanced': [ '2.2.1' ],
21 silly audit   '@nodelib/fs.stat': [ '1.1.3' ],
21 silly audit   '@popperjs/core': [ '2.11.8' ],
21 silly audit   '@restart/context': [ '2.1.4' ],
21 silly audit   '@restart/hooks': [ '0.4.16' ],
21 silly audit   '@rtsao/csstype': [ '2.6.5-forked.0' ],
21 silly audit   '@svgr/babel-plugin-add-jsx-attribute': [ '4.2.0' ],
21 silly audit   '@svgr/babel-plugin-remove-jsx-attribute': [ '4.2.0' ],
21 silly audit   '@svgr/babel-plugin-remove-jsx-empty-expression': [ '4.2.0' ],
21 silly audit   '@svgr/babel-plugin-replace-jsx-attribute-value': [ '4.2.0' ],
21 silly audit   '@svgr/babel-plugin-svg-dynamic-title': [ '4.3.3' ],
21 silly audit   '@svgr/babel-plugin-svg-em-dimensions': [ '4.2.0' ],
21 silly audit   '@svgr/babel-plugin-transform-react-native-svg': [ '4.2.0' ],
21 silly audit   '@svgr/babel-plugin-transform-svg-component': [ '4.2.0' ],
21 silly audit   '@svgr/babel-preset': [ '4.3.3' ],
21 silly audit   '@svgr/core': [ '4.3.3' ],
21 silly audit   cosmiconfig: [ '5.2.1', '6.0.0', '7.1.0' ],
21 silly audit   'import-fresh': [ '2.0.0', '3.3.0' ],
21 silly audit   'parse-json': [ '4.0.0', '2.2.0', '5.2.0' ],
21 silly audit   'resolve-from': [ '3.0.0', '4.0.0' ],
21 silly audit   '@svgr/hast-util-to-babel-ast': [ '4.3.2' ],
21 silly audit   '@svgr/plugin-jsx': [ '4.3.3' ],
21 silly audit   '@svgr/plugin-svgo': [ '4.3.1' ],
21 silly audit   '@svgr/webpack': [ '4.3.2' ],
21 silly audit   '@types/babel__core': [ '7.20.5' ],
21 silly audit   '@types/babel__generator': [ '7.6.8' ],
21 silly audit   '@types/babel__template': [ '7.4.4' ],
21 silly audit   '@types/babel__traverse': [ '7.20.5' ],
21 silly audit   '@types/eslint-visitor-keys': [ '1.0.0' ],
21 silly audit   '@types/invariant': [ '2.2.37' ],
21 silly audit   '@types/istanbul-lib-coverage': [ '2.0.6' ],
21 silly audit   '@types/istanbul-lib-report': [ '3.0.3' ],
21 silly audit   '@types/istanbul-reports': [ '1.1.2' ],
21 silly audit   '@types/json-schema': [ '7.0.15' ],
21 silly audit   '@types/node': [ '20.12.2' ],
21 silly audit   '@types/parse-author': [ '2.0.3' ],
21 silly audit   '@types/parse-json': [ '4.0.2' ],
21 silly audit   '@types/prop-types': [ '15.7.12' ],
21 silly audit   '@types/q': [ '1.5.8' ],
21 silly audit   '@types/react': [ '18.2.73' ],
21 silly audit   '@types/react-transition-group': [ '4.4.10' ],
21 silly audit   '@types/stack-utils': [ '1.0.1' ],
21 silly audit   '@types/warning': [ '3.0.3' ],
21 silly audit   '@types/yargs': [ '13.0.12' ],
21 silly audit   '@types/yargs-parser': [ '21.0.3' ],
21 silly audit   '@types/zen-observable': [ '0.8.7' ],
21 silly audit   '@typescript-eslint/eslint-plugin': [ '2.34.0' ],
21 silly audit   '@typescript-eslint/experimental-utils': [ '2.34.0' ],
21 silly audit   '@typescript-eslint/parser': [ '2.34.0' ],
21 silly audit   '@typescript-eslint/typescript-estree': [ '2.34.0' ],
21 silly audit   'lru-cache': [ '6.0.0', '5.1.1' ],
21 silly audit   yallist: [ '4.0.0', '3.1.1' ],
21 silly audit   '@webassemblyjs/ast': [ '1.8.5' ],
21 silly audit   '@webassemblyjs/floating-point-hex-parser': [ '1.8.5' ],
21 silly audit   '@webassemblyjs/helper-api-error': [ '1.8.5' ],
21 silly audit   '@webassemblyjs/helper-buffer': [ '1.8.5' ],
21 silly audit   '@webassemblyjs/helper-code-frame': [ '1.8.5' ],
21 silly audit   '@webassemblyjs/helper-fsm': [ '1.8.5' ],
21 silly audit   '@webassemblyjs/helper-module-context': [ '1.8.5' ],
21 silly audit   '@webassemblyjs/helper-wasm-bytecode': [ '1.8.5' ],
21 silly audit   '@webassemblyjs/helper-wasm-section': [ '1.8.5' ],
21 silly audit   '@webassemblyjs/ieee754': [ '1.8.5' ],
21 silly audit   '@webassemblyjs/leb128': [ '1.8.5' ],
21 silly audit   '@webassemblyjs/utf8': [ '1.8.5' ],
21 silly audit   '@webassemblyjs/wasm-edit': [ '1.8.5' ],
21 silly audit   '@webassemblyjs/wasm-gen': [ '1.8.5' ],
21 silly audit   '@webassemblyjs/wasm-opt': [ '1.8.5' ],
21 silly audit   '@webassemblyjs/wasm-parser': [ '1.8.5' ],
21 silly audit   '@webassemblyjs/wast-parser': [ '1.8.5' ],
21 silly audit   '@webassemblyjs/wast-printer': [ '1.8.5' ],
21 silly audit   '@wry/context': [ '0.4.4' ],
21 silly audit   '@wry/equality': [ '0.1.11' ],
21 silly audit   '@xtuc/ieee754': [ '1.2.0' ],
21 silly audit   '@xtuc/long': [ '4.2.2' ],
21 silly audit   abab: [ '2.0.6' ],
21 silly audit   accepts: [ '1.3.8' ],
21 silly audit   acorn: [ '7.4.1', '6.4.2', '5.7.4' ],
21 silly audit   'acorn-globals': [ '4.3.4' ],
21 silly audit   'acorn-jsx': [ '5.3.2' ],
21 silly audit   'acorn-walk': [ '6.2.0' ],
21 silly audit   address: [ '1.1.2' ],
21 silly audit   'adjust-sourcemap-loader': [ '2.0.0' ],
21 silly audit   camelcase: [ '5.0.0', '5.3.1', '4.1.0' ],
21 silly audit   'emojis-list': [ '2.1.0', '3.0.0' ],
21 silly audit   json5: [ '1.0.2', '2.2.3' ],
21 silly audit   'loader-utils': [ '1.2.3', '1.4.2', '2.0.4' ],
21 silly audit   'aggregate-error': [ '3.1.0' ],
21 silly audit   ajv: [ '6.12.6' ],
21 silly audit   'ajv-errors': [ '1.0.1' ],
21 silly audit   'ajv-keywords': [ '3.5.2' ],
21 silly audit   'alphanum-sort': [ '1.0.2' ],
21 silly audit   'ansi-colors': [ '4.1.3', '3.2.4' ],
21 silly audit   'ansi-html': [ '0.0.7' ],
21 silly audit   'ansi-regex': [ '4.1.1', '2.1.1', '3.0.1', '5.0.1' ],
21 silly audit   'color-convert': [ '2.0.1', '1.9.3' ],
21 silly audit   anymatch: [ '2.0.0', '3.1.3' ],
21 silly audit   'normalize-path': [ '2.1.1', '3.0.0' ],
21 silly audit   'apollo-boost': [ '0.4.9' ],
21 silly audit   'apollo-cache': [ '1.3.5' ],
21 silly audit   'apollo-cache-inmemory': [ '1.6.6' ],
21 silly audit   'apollo-client': [ '2.6.10' ],
21 silly audit   'apollo-link': [ '1.2.14' ],
21 silly audit   'apollo-link-error': [ '1.1.13' ],
21 silly audit   'apollo-link-http': [ '1.5.17' ],
21 silly audit   'apollo-link-http-common': [ '0.2.16' ],
21 silly audit   'apollo-utilities': [ '1.3.4' ],
21 silly audit   aproba: [ '1.2.0' ],
21 silly audit   argparse: [ '1.0.10' ],
21 silly audit   'aria-query': [ '3.0.0' ],
21 silly audit   'arity-n': [ '1.0.4' ],
21 silly audit   'arr-diff': [ '4.0.0' ],
21 silly audit   'arr-flatten': [ '1.1.0' ],
21 silly audit   'arr-union': [ '3.1.0' ],
21 silly audit   'array-buffer-byte-length': [ '1.0.1' ],
21 silly audit   'array-equal': [ '1.0.2' ],
21 silly audit   'array-flatten': [ '2.1.2', '1.1.1' ],
21 silly audit   'array-includes': [ '3.1.8' ],
21 silly audit   'array-union': [ '1.0.2' ],
21 silly audit   'array-uniq': [ '1.0.3' ],
21 silly audit   'array-unique': [ '0.3.2' ],
21 silly audit   'array.prototype.reduce': [ '1.0.7' ],
21 silly audit   'arraybuffer.prototype.slice': [ '1.0.3' ],
21 silly audit   arrify: [ '1.0.1' ],
21 silly audit   asap: [ '2.0.6' ],
21 silly audit   asn1: [ '0.2.6' ],
21 silly audit   'asn1.js': [ '4.10.1' ],
21 silly audit   'bn.js': [ '4.12.0', '5.2.1' ],
21 silly audit   assert: [ '1.4.1' ],
21 silly audit   'assert-plus': [ '1.0.0' ],
21 silly audit   'assign-symbols': [ '1.0.0' ],
21 silly audit   'ast-types-flow': [ '0.0.7' ],
21 silly audit   'astral-regex': [ '2.0.0', '1.0.0' ],
21 silly audit   async: [ '2.6.4' ],
21 silly audit   'async-each': [ '1.0.6' ],
21 silly audit   'async-limiter': [ '1.0.1' ],
21 silly audit   asynckit: [ '0.4.0' ],
21 silly audit   atob: [ '2.1.2' ],
21 silly audit   'attr-accept': [ '1.1.3' ],
21 silly audit   'author-regex': [ '1.0.0' ],
21 silly audit   autoprefixer: [ '9.8.8' ],
21 silly audit   picocolors: [ '0.2.1', '1.0.0' ],
21 silly audit   'postcss-value-parser': [ '4.2.0', '3.3.1' ],
21 silly audit   'available-typed-arrays': [ '1.0.7' ],
21 silly audit   'aws-sign2': [ '0.7.0' ],
21 silly audit   aws4: [ '1.12.0' ],
21 silly audit   'axobject-query': [ '2.2.0' ],
21 silly audit   'babel-code-frame': [ '6.26.0' ],
21 silly audit   'js-tokens': [ '3.0.2', '4.0.0' ],
21 silly audit   'babel-eslint': [ '10.0.3' ],
21 silly audit   'babel-extract-comments': [ '1.0.0' ],
21 silly audit   'babel-jest': [ '24.9.0' ],
21 silly audit   'babel-loader': [ '8.0.6' ],
21 silly audit   pify: [ '4.0.1', '3.0.0', '2.3.0' ],
21 silly audit   'babel-plugin-istanbul': [ '5.2.0' ],
21 silly audit   'find-up': [ '3.0.0', '5.0.0', '1.1.2', '2.1.0' ],
21 silly audit   'locate-path': [ '3.0.0', '6.0.0', '2.0.0' ],
21 silly audit   'p-limit': [ '2.3.0', '3.1.0', '1.3.0' ],
21 silly audit   'p-locate': [ '3.0.0', '5.0.0', '2.0.0' ],
21 silly audit   'path-exists': [ '3.0.0', '2.1.0', '4.0.0' ],
21 silly audit   'babel-plugin-jest-hoist': [ '24.9.0' ],
21 silly audit   'babel-plugin-macros': [ '2.8.0' ],
21 silly audit   'babel-plugin-named-asset-import': [ '0.3.8' ],
21 silly audit   'babel-plugin-polyfill-corejs2': [ '0.4.10' ],
21 silly audit   'babel-plugin-polyfill-corejs3': [ '0.10.4' ],
21 silly audit   'babel-plugin-polyfill-regenerator': [ '0.6.1' ],
21 silly audit   'babel-plugin-styled-components': [ '2.1.4' ],
21 silly audit   'babel-plugin-syntax-object-rest-spread': [ '6.13.0' ],
21 silly audit   'babel-plugin-transform-object-rest-spread': [ '6.26.0' ],
21 silly audit   'babel-plugin-transform-react-remove-prop-types': [ '0.4.24' ],
21 silly audit   'babel-preset-jest': [ '24.9.0' ],
21 silly audit   'babel-preset-react-app': [ '9.1.2' ],
21 silly audit   'regenerator-runtime': [ '0.13.11', '0.11.1', '0.14.1' ],
21 silly audit   'source-map': [ '0.5.7', '0.6.1' ],
21 silly audit   'babel-runtime': [ '6.26.0' ],
21 silly audit   babylon: [ '6.18.0' ],
21 silly audit   'balanced-match': [ '1.0.2' ],
21 silly audit   base: [ '0.11.2' ],
21 silly audit   'define-property': [ '1.0.0', '0.2.5', '2.0.2' ],
21 silly audit   'base64-js': [ '1.5.1' ],
21 silly audit   baseui: [ '9.116.3' ],
21 silly audit   'react-is': [ '16.13.1', '19.2.7' ],
21 silly audit   batch: [ '0.6.1' ],
21 silly audit   'bcrypt-pbkdf': [ '1.0.2' ],
21 silly audit   'big.js': [ '5.2.2' ],
21 silly audit   'binary-extensions': [ '1.13.1', '2.3.0' ],
21 silly audit   bindings: [ '1.5.0' ],
21 silly audit   bluebird: [ '3.7.2' ],
21 silly audit   'body-parser': [ '1.20.2' ],
21 silly audit   bytes: [ '3.1.2', '3.0.0' ],
21 silly audit   debug: [ '2.6.9', '4.3.4', '3.2.7' ],
21 silly audit   ms: [ '2.0.0', '2.1.2', '2.1.3' ],
21 silly audit   qs: [ '6.11.0', '6.5.3', '6.12.0' ],
21 silly audit   bonjour: [ '3.5.0' ],
21 silly audit   boolbase: [ '1.0.0' ],
21 silly audit   'brace-expansion': [ '1.1.11' ],
21 silly audit   brorand: [ '1.1.0' ],
21 silly audit   'browser-process-hrtime': [ '1.0.0' ],
21 silly audit   'browser-resolve': [ '1.11.3' ],
21 silly audit   'browserify-aes': [ '1.2.0' ],
21 silly audit   'browserify-cipher': [ '1.0.1' ],
21 silly audit   'browserify-des': [ '1.0.2' ],
21 silly audit   'browserify-rsa': [ '4.1.0' ],
21 silly audit   'browserify-sign': [ '4.2.3' ],
21 silly audit   'safe-buffer': [ '5.2.1', '5.1.2' ],
21 silly audit   'browserify-zlib': [ '0.2.0' ],
21 silly audit   browserslist: [ '4.23.0', '4.7.0' ],
21 silly audit   bser: [ '2.1.1' ],
21 silly audit   buffer: [ '4.9.2' ],
21 silly audit   'buffer-from': [ '1.1.2' ],
21 silly audit   'buffer-indexof': [ '1.1.1' ],
21 silly audit   'buffer-xor': [ '1.0.3' ],
21 silly audit   isarray: [ '1.0.0', '0.0.1', '2.0.5' ],
21 silly audit   'builtin-status-codes': [ '3.0.0' ],
21 silly audit   cacache: [ '12.0.4' ],
21 silly audit   'cache-base': [ '1.0.1' ],
21 silly audit   'call-bind': [ '1.0.7' ],
21 silly audit   'call-me-maybe': [ '1.0.2' ],
21 silly audit   'caller-callsite': [ '2.0.0' ],
21 silly audit   callsites: [ '2.0.0', '3.1.0' ],
21 silly audit   'caller-path': [ '2.0.0' ],
21 silly audit   'camel-case': [ '3.0.0' ],
21 silly audit   camelize: [ '1.0.1' ],
21 silly audit   'caniuse-api': [ '3.0.0' ],
21 silly audit   'caniuse-lite': [ '1.0.30001603' ],
21 silly audit   'capture-exit': [ '2.0.0' ],
21 silly audit   'card-validator': [ '6.2.0' ],
21 silly audit   'case-sensitive-paths-webpack-plugin': [ '2.2.0' ],
21 silly audit   caseless: [ '0.12.0' ],
21 silly audit   chardet: [ '0.7.0' ],
21 silly audit   'chart.js': [ '2.9.4' ],
21 silly audit   'chartjs-color': [ '2.4.1' ],
21 silly audit   'chartjs-color-string': [ '0.6.0' ],
21 silly audit   chokidar: [ '2.1.8', '3.6.0' ],
21 silly audit   fsevents: [ '1.2.13', '2.0.7', '2.3.3' ],
21 silly audit   'glob-parent': [ '3.1.0', '5.1.2' ],
21 silly audit   'is-glob': [ '3.1.0', '4.0.3' ],
21 silly audit   chownr: [ '1.1.4' ],
21 silly audit   'chrome-trace-event': [ '1.0.3' ],
21 silly audit   'ci-info': [ '2.0.0' ],
21 silly audit   'cipher-base': [ '1.0.4' ],
21 silly audit   'class-utils': [ '0.3.6' ],
21 silly audit   'is-descriptor': [ '0.1.7', '1.0.3' ],
21 silly audit   classnames: [ '2.5.1' ],
21 silly audit   'clean-css': [ '4.2.4' ],
21 silly audit   'clean-stack': [ '2.2.0' ],
21 silly audit   'cli-cursor': [ '3.1.0', '2.1.0' ],
21 silly audit   'cli-truncate': [ '2.1.0' ],
21 silly audit   'cli-width': [ '3.0.0', '2.2.1' ],
21 silly audit   cliui: [ '5.0.0', '4.1.0' ],
21 silly audit   'is-fullwidth-code-point': [ '2.0.0', '3.0.0', '1.0.0' ],
21 silly audit   'string-width': [ '3.1.0', '2.1.1', '4.2.3', '1.0.2' ],
21 silly audit   'wrap-ansi': [ '5.1.0', '6.2.0', '2.1.0', '7.0.0' ],
21 silly audit   'clone-deep': [ '0.2.4', '4.0.1' ],
21 silly audit   clsx: [ '1.2.1' ],
21 silly audit   co: [ '4.6.0' ],
21 silly audit   coa: [ '2.0.2' ],
21 silly audit   'code-point-at': [ '1.1.0' ],
21 silly audit   'collection-visit': [ '1.0.0' ],
21 silly audit   color: [ '3.2.1' ],
21 silly audit   'color-name': [ '1.1.3', '1.1.4' ],
21 silly audit   'color-string': [ '1.9.1' ],
21 silly audit   colorette: [ '2.0.20' ],
21 silly audit   'combined-stream': [ '1.0.8' ],
21 silly audit   commander: [ '2.20.3', '2.17.1', '6.2.1', '4.1.1', '2.20.0', '2.19.0' ],
21 silly audit   'common-tags': [ '1.8.2' ],
21 silly audit   commondir: [ '1.0.1' ],
21 silly audit   'compare-versions': [ '3.6.0' ],
21 silly audit   'component-emitter': [ '1.3.1' ],
21 silly audit   'compose-function': [ '3.0.3' ],
21 silly audit   compressible: [ '2.0.18' ],
21 silly audit   compression: [ '1.7.4' ],
21 silly audit   'concat-map': [ '0.0.1' ],
21 silly audit   'concat-stream': [ '1.6.2' ],
21 silly audit   'confusing-browser-globals': [ '1.0.11' ],
21 silly audit   'connect-history-api-fallback': [ '1.6.0' ],
21 silly audit   'console-browserify': [ '1.2.0' ],
21 silly audit   'constants-browserify': [ '1.0.0' ],
21 silly audit   'contains-path': [ '0.1.0' ],
21 silly audit   'content-disposition': [ '0.5.4' ],
21 silly audit   'content-type': [ '1.0.5' ],
21 silly audit   cookie: [ '0.6.0' ],
21 silly audit   'cookie-signature': [ '1.0.6' ],
21 silly audit   'copy-concurrently': [ '1.0.5' ],
21 silly audit   'copy-descriptor': [ '0.1.1' ],
21 silly audit   'core-js': [ '2.6.12', '3.36.1' ],
21 silly audit   'core-js-compat': [ '3.36.1' ],
21 silly audit   'core-util-is': [ '1.0.3', '1.0.2' ],
21 silly audit   'create-ecdh': [ '4.0.4' ],
21 silly audit   'create-hash': [ '1.2.0' ],
21 silly audit   'create-hmac': [ '1.1.7' ],
21 silly audit   'credit-card-type': [ '8.3.0' ],
21 silly audit   'cross-spawn': [ '7.0.3', '6.0.5' ],
21 silly audit   'crypto-browserify': [ '3.12.0' ],
21 silly audit   css: [ '2.2.4' ],
21 silly audit   'css-blank-pseudo': [ '0.1.4' ],
21 silly audit   'css-color-keywords': [ '1.0.0' ],
21 silly audit   'css-color-names': [ '0.0.4' ],
21 silly audit   'css-declaration-sorter': [ '4.0.1' ],
21 silly audit   'css-has-pseudo': [ '0.10.0' ],
21 silly audit   cssesc: [ '2.0.0', '3.0.0' ],
21 silly audit   'postcss-selector-parser': [ '5.0.0', '3.1.2', '6.0.16' ],
21 silly audit   'css-in-js-utils': [ '2.0.1' ],
21 silly audit   'css-loader': [ '2.1.1' ],
21 silly audit   'css-prefers-color-scheme': [ '3.1.1' ],
21 silly audit   'css-select': [ '4.3.0', '2.1.0' ],
21 silly audit   'css-select-base-adapter': [ '0.1.1' ],
21 silly audit   'css-to-react-native': [ '3.2.0' ],
21 silly audit   'css-tree': [ '1.0.0-alpha.37', '1.1.3' ],
21 silly audit   'css-what': [ '6.1.0', '3.4.2' ],
21 silly audit   cssdb: [ '4.4.0' ],
21 silly audit   cssnano: [ '4.1.11' ],
21 silly audit   'cssnano-preset-default': [ '4.0.8' ],
21 silly audit   'cssnano-util-get-arguments': [ '4.0.0' ],
21 silly audit   'cssnano-util-get-match': [ '4.0.0' ],
21 silly audit   'cssnano-util-raw-cache': [ '4.0.1' ],
21 silly audit   'cssnano-util-same-parent': [ '4.0.1' ],
21 silly audit   csso: [ '4.2.0' ],
21 silly audit   'mdn-data': [ '2.0.14', '2.0.4' ],
21 silly audit   cssom: [ '0.3.8' ],
21 silly audit   cssstyle: [ '1.4.0' ],
21 silly audit   csstype: [ '3.1.3' ],
21 silly audit   cyclist: [ '1.0.2' ],
21 silly audit   d: [ '1.0.2' ],
21 silly audit   'damerau-levenshtein': [ '1.0.8' ],
21 silly audit   dashdash: [ '1.14.1' ],
21 silly audit   'data-urls': [ '1.1.0' ],
21 silly audit   tr46: [ '1.0.1', '0.0.3' ],
21 silly audit   'whatwg-url': [ '7.1.0', '6.5.0', '5.0.0' ],
21 silly audit   'data-view-buffer': [ '1.0.1' ],
21 silly audit   'data-view-byte-length': [ '1.0.1' ],
21 silly audit   'data-view-byte-offset': [ '1.0.0' ],
21 silly audit   'date-fns': [ '2.30.0' ],
21 silly audit   decamelize: [ '1.2.0', '2.0.0' ],
21 silly audit   'decode-uri-component': [ '0.2.2' ],
21 silly audit   dedent: [ '0.7.0' ],
21 silly audit   'deep-equal': [ '1.1.2' ],
21 silly audit   'deep-is': [ '0.1.4' ],
21 silly audit   'default-gateway': [ '4.2.0' ],
21 silly audit   execa: [ '1.0.0', '4.1.0' ],
21 silly audit   'get-stream': [ '4.1.0', '5.2.0' ],
21 silly audit   'is-stream': [ '1.1.0', '2.0.1' ],
21 silly audit   'npm-run-path': [ '2.0.2', '4.0.1' ],
21 silly audit   'path-key': [ '2.0.1', '3.1.1' ],
21 silly audit   'shebang-command': [ '1.2.0', '2.0.0' ],
21 silly audit   'shebang-regex': [ '1.0.0', '3.0.0' ],
21 silly audit   which: [ '1.3.1', '2.0.2' ],
21 silly audit   'define-data-property': [ '1.1.4' ],
21 silly audit   'define-properties': [ '1.2.1' ],
21 silly audit   del: [ '3.0.0' ],
21 silly audit   'p-map': [ '1.2.0', '4.0.0' ],
21 silly audit   'delayed-stream': [ '1.0.0' ],
21 silly audit   depd: [ '2.0.0', '1.1.2' ],
21 silly audit   dequal: [ '2.0.3' ],
21 silly audit   'des.js': [ '1.1.0' ],
21 silly audit   destroy: [ '1.2.0' ],
21 silly audit   'detect-newline': [ '2.1.0' ],
21 silly audit   'detect-node': [ '2.1.0' ],
21 silly audit   'detect-node-es': [ '1.1.0' ],
21 silly audit   'detect-port-alt': [ '1.1.6' ],
21 silly audit   'diff-sequences': [ '24.9.0' ],
21 silly audit   'diffie-hellman': [ '5.0.3' ],
21 silly audit   'dir-glob': [ '2.0.0' ],
21 silly audit   'path-type': [ '3.0.0', '4.0.0', '2.0.0' ],
21 silly audit   'dns-equal': [ '1.0.0' ],
21 silly audit   'dns-packet': [ '1.3.4' ],
21 silly audit   'dns-txt': [ '2.0.2' ],
21 silly audit   doctrine: [ '3.0.0', '1.5.0', '2.1.0' ],
21 silly audit   'dom-converter': [ '0.2.0' ],
21 silly audit   'dom-helpers': [ '5.2.1' ],
21 silly audit   'dom-serializer': [ '1.4.1', '0.2.2' ],
21 silly audit   'domain-browser': [ '1.2.0' ],
21 silly audit   domelementtype: [ '2.3.0', '1.3.1' ],
21 silly audit   domexception: [ '1.0.1' ],
21 silly audit   domhandler: [ '4.3.1' ],
21 silly audit   domutils: [ '2.8.0', '1.7.0' ],
21 silly audit   'dot-prop': [ '5.3.0' ],
21 silly audit   'is-obj': [ '2.0.0', '1.0.1' ],
21 silly audit   dotenv: [ '6.2.0' ],
21 silly audit   'dotenv-expand': [ '5.1.0' ],
21 silly audit   duplexer: [ '0.1.2' ],
21 silly audit   duplexify: [ '3.7.1' ],
21 silly audit   'ecc-jsbn': [ '0.1.2' ],
21 silly audit   'ee-first': [ '1.1.1' ],
21 silly audit   'electron-to-chromium': [ '1.4.722' ],
21 silly audit   elliptic: [ '6.5.5' ],
21 silly audit   'email-addresses': [ '3.1.0' ],
21 silly audit   'emoji-regex': [ '7.0.3', '8.0.0' ],
21 silly audit   encodeurl: [ '1.0.2' ],
21 silly audit   'end-of-stream': [ '1.4.4' ],
21 silly audit   'enhanced-resolve': [ '4.5.0' ],
21 silly audit   'memory-fs': [ '0.5.0', '0.4.1' ],
21 silly audit   enquirer: [ '2.4.1' ],
21 silly audit   entities: [ '2.2.0' ],
21 silly audit   errno: [ '0.1.8' ],
21 silly audit   'error-ex': [ '1.3.2' ],
21 silly audit   'es-abstract': [ '1.23.3' ],
21 silly audit   'es-array-method-boxes-properly': [ '1.0.0' ],
21 silly audit   'es-define-property': [ '1.0.0' ],
21 silly audit   'es-errors': [ '1.3.0' ],
21 silly audit   'es-object-atoms': [ '1.0.0' ],
21 silly audit   'es-set-tostringtag': [ '2.0.3' ],
21 silly audit   'es-to-primitive': [ '1.2.1' ],
21 silly audit   'es5-ext': [ '0.10.64' ],
21 silly audit   'es6-iterator': [ '2.0.3' ],
21 silly audit   'es6-symbol': [ '3.1.4' ],
21 silly audit   escalade: [ '3.1.2' ],
21 silly audit   'escape-html': [ '1.0.3' ],
21 silly audit   'escape-string-regexp': [ '1.0.5', '2.0.0' ],
21 silly audit   escodegen: [ '1.14.3' ],
21 silly audit   eslint: [ '6.8.0' ],
21 silly audit   'eslint-config-react-app': [ '5.2.1' ],
21 silly audit   'eslint-import-resolver-node': [ '0.3.9' ],
21 silly audit   'eslint-loader': [ '3.0.2' ],
21 silly audit   'schema-utils': [ '2.7.1', '3.3.0', '1.0.0' ],
21 silly audit   'eslint-module-utils': [ '2.8.1' ],
21 silly audit   'eslint-plugin-flowtype': [ '3.13.0' ],
21 silly audit   'eslint-plugin-import': [ '2.18.2' ],
21 silly audit   'eslint-plugin-jsx-a11y': [ '6.2.3' ],
21 silly audit   'eslint-plugin-react': [ '7.14.3' ],
21 silly audit   'eslint-plugin-react-hooks': [ '1.7.0' ],
21 silly audit   'eslint-scope': [ '5.1.1', '4.0.3' ],
21 silly audit   'eslint-utils': [ '2.1.0', '1.4.3' ],
21 silly audit   'eslint-visitor-keys': [ '1.3.0' ],
21 silly audit   globals: [ '12.4.0', '11.12.0' ],
21 silly audit   regexpp: [ '2.0.1', '3.2.0' ],
21 silly audit   'type-fest': [ '0.8.1', '0.21.3' ],
21 silly audit   esniff: [ '2.0.1' ],
21 silly audit   espree: [ '6.2.1' ],
21 silly audit   esprima: [ '4.0.1' ],
21 silly audit   esquery: [ '1.5.0' ],
21 silly audit   estraverse: [ '5.3.0', '4.3.0' ],
21 silly audit   esrecurse: [ '4.3.0' ],
21 silly audit   esutils: [ '2.0.3' ],
21 silly audit   etag: [ '1.8.1' ],
21 silly audit   'event-emitter': [ '0.3.5' ],
21 silly audit   eventemitter3: [ '4.0.7' ],
21 silly audit   events: [ '3.3.0' ],
21 silly audit   eventsource: [ '1.1.2' ],
21 silly audit   evp_bytestokey: [ '1.0.3' ],
21 silly audit   'exec-sh': [ '0.3.6' ],
21 silly audit   exit: [ '0.1.2' ],
21 silly audit   'expand-brackets': [ '2.1.4' ],
21 silly audit   expect: [ '24.9.0' ],
21 silly audit   express: [ '4.19.2' ],
21 silly audit   'path-to-regexp': [ '0.1.7', '1.8.0' ],
21 silly audit   ext: [ '1.7.0' ],
21 silly audit   extend: [ '3.0.2' ],
21 silly audit   'is-extendable': [ '1.0.1', '0.1.1' ],
21 silly audit   'external-editor': [ '3.1.0' ],
21 silly audit   extglob: [ '2.0.4' ],
21 silly audit   extsprintf: [ '1.3.0' ],
21 silly audit   'fast-deep-equal': [ '3.1.3' ],
21 silly audit   'fast-glob': [ '2.2.7' ],
21 silly audit   'fast-json-stable-stringify': [ '2.1.0' ],
21 silly audit   'fast-levenshtein': [ '2.0.6' ],
21 silly audit   'faye-websocket': [ '0.11.4', '0.10.0' ],
21 silly audit   'fb-watchman': [ '2.0.2' ],
21 silly audit   'figgy-pudding': [ '3.5.2' ],
21 silly audit   figures: [ '3.2.0', '2.0.0' ],
21 silly audit   'file-entry-cache': [ '5.0.1' ],
21 silly audit   'file-loader': [ '3.0.1', '6.2.0' ],
21 silly audit   'file-selector': [ '0.1.19' ],
21 silly audit   tslib: [ '2.6.2', '1.14.1' ],
21 silly audit   'file-uri-to-path': [ '1.0.0' ],
21 silly audit   'filename-reserved-regex': [ '1.0.0' ],
21 silly audit   filenamify: [ '1.2.1' ],
21 silly audit   'filenamify-url': [ '1.0.0' ],
21 silly audit   filesize: [ '3.6.1' ],
21 silly audit   finalhandler: [ '1.2.0' ],
21 silly audit   'find-cache-dir': [ '2.1.0', '0.1.1' ],
21 silly audit   'pkg-dir': [ '3.0.0', '1.0.0', '5.0.0' ],
21 silly audit   'find-versions': [ '4.0.0' ],
21 silly audit   'flat-cache': [ '2.0.1' ],
21 silly audit   flatted: [ '2.0.2' ],
21 silly audit   flatten: [ '1.0.3' ],
21 silly audit   'flush-write-stream': [ '1.1.1' ],
21 silly audit   'focus-lock': [ '1.3.4' ],
21 silly audit   'follow-redirects': [ '1.15.6' ],
21 silly audit   'for-each': [ '0.3.3' ],
21 silly audit   'for-in': [ '1.0.2', '0.1.8' ],
21 silly audit   'for-own': [ '0.1.5' ],
21 silly audit   'forever-agent': [ '0.6.1' ],
21 silly audit   'fork-ts-checker-webpack-plugin': [ '1.5.0' ],
21 silly audit   'form-data': [ '2.3.3' ],
21 silly audit   forwarded: [ '0.2.0' ],
21 silly audit   'fragment-cache': [ '0.2.1' ],
21 silly audit   fresh: [ '0.5.2' ],
21 silly audit   from2: [ '2.3.0' ],
21 silly audit   'fs-extra': [ '8.1.0', '10.1.0', '7.0.1', '4.0.3' ],
21 silly audit   'fs-write-stream-atomic': [ '1.0.10' ],
21 silly audit   'fs.realpath': [ '1.0.0' ],
21 silly audit   'function-bind': [ '1.1.2' ],
21 silly audit   'function.prototype.name': [ '1.1.6' ],
21 silly audit   'functional-red-black-tree': [ '1.0.1' ],
21 silly audit   'functions-have-names': [ '1.2.3' ],
21 silly audit   gensync: [ '1.0.0-beta.2' ],
21 silly audit   'get-caller-file': [ '2.0.5', '1.0.3' ],
21 silly audit   'get-intrinsic': [ '1.2.4' ],
21 silly audit   'get-own-enumerable-property-symbols': [ '3.0.2' ],
21 silly audit   'get-symbol-description': [ '1.0.2' ],
21 silly audit   'get-value': [ '2.0.6' ],
21 silly audit   getpass: [ '0.1.7' ],
21 silly audit   'gh-pages': [ '2.2.0' ],
21 silly audit   glob: [ '7.2.3' ],
21 silly audit   'glob-to-regexp': [ '0.3.0' ],
21 silly audit   'global-modules': [ '2.0.0' ],
21 silly audit   'global-prefix': [ '3.0.0' ],
21 silly audit   globalthis: [ '1.0.3' ],
21 silly audit   globby: [ '6.1.0', '8.0.2' ],
21 silly audit   gopd: [ '1.0.1' ],
21 silly audit   'graceful-fs': [ '4.2.11' ],
21 silly audit   'graphql-tag': [ '2.12.6' ],
21 silly audit   growly: [ '1.3.0' ],
21 silly audit   'gzip-size': [ '5.1.1' ],
21 silly audit   'handle-thing': [ '2.0.1' ],
21 silly audit   'har-schema': [ '2.0.0' ],
21 silly audit   'har-validator': [ '5.1.5' ],
21 silly audit   'harmony-reflect': [ '1.6.2' ],
21 silly audit   has: [ '1.0.4' ],
21 silly audit   'has-ansi': [ '2.0.0' ],
21 silly audit   'has-bigints': [ '1.0.2' ],
21 silly audit   'has-property-descriptors': [ '1.0.2' ],
21 silly audit   'has-proto': [ '1.0.3' ],
21 silly audit   'has-symbols': [ '1.0.3' ],
21 silly audit   'has-tostringtag': [ '1.0.2' ],
21 silly audit   'has-value': [ '1.0.0', '0.3.1' ],
21 silly audit   'has-values': [ '1.0.0', '0.1.4' ],
21 silly audit   'hash-base': [ '3.0.4' ],
21 silly audit   'hash.js': [ '1.1.7' ],
21 silly audit   hasown: [ '2.0.2' ],
21 silly audit   he: [ '1.2.0' ],
21 silly audit   'hex-color-regex': [ '1.1.0' ],
21 silly audit   history: [ '4.10.1' ],
21 silly audit   'hmac-drbg': [ '1.0.1' ],
21 silly audit   'hoist-non-react-statics': [ '3.3.2' ],
21 silly audit   'hosted-git-info': [ '2.8.9' ],
21 silly audit   'hpack.js': [ '2.1.6' ],
21 silly audit   'hsl-regex': [ '1.0.0' ],
21 silly audit   'hsla-regex': [ '1.0.0' ],
21 silly audit   'html-encoding-sniffer': [ '1.0.2' ],
21 silly audit   'html-entities': [ '1.4.0' ],
21 silly audit   'html-escaper': [ '2.0.2' ],
21 silly audit   'html-minifier': [ '3.5.21' ],
21 silly audit   'html-webpack-plugin': [ '4.0.0-beta.5' ],
21 silly audit   htmlparser2: [ '6.1.0' ],
21 silly audit   'http-deceiver': [ '1.2.7' ],
21 silly audit   'http-errors': [ '2.0.0', '1.6.3' ],
21 silly audit   'http-parser-js': [ '0.5.8' ],
21 silly audit   'http-proxy': [ '1.18.1' ],
21 silly audit   'http-proxy-middleware': [ '0.19.2' ],
21 silly audit   'http-signature': [ '1.2.0' ],
21 silly audit   'https-browserify': [ '1.0.0' ],
21 silly audit   'human-signals': [ '1.1.1' ],
21 silly audit   'humanize-url': [ '1.0.1' ],
21 silly audit   husky: [ '4.3.8' ],
21 silly audit   'hyphenate-style-name': [ '1.0.4' ],
21 silly audit   'iconv-lite': [ '0.4.24' ],
21 silly audit   'icss-replace-symbols': [ '1.1.0' ],
21 silly audit   'icss-utils': [ '4.1.1' ],
21 silly audit   'identity-obj-proxy': [ '3.0.0' ],
21 silly audit   ieee754: [ '1.2.1' ],
21 silly audit   iferr: [ '0.1.5' ],
21 silly audit   ignore: [ '4.0.6', '3.3.10' ],
21 silly audit   immer: [ '1.10.0' ],
21 silly audit   'import-cwd': [ '2.1.0' ],
21 silly audit   'import-from': [ '2.1.0' ],
21 silly audit   'import-local': [ '2.0.0' ],
21 silly audit   imurmurhash: [ '0.1.4' ],
21 silly audit   'indent-string': [ '4.0.0' ],
21 silly audit   'indexes-of': [ '1.0.1' ],
21 silly audit   'infer-owner': [ '1.0.4' ],
21 silly audit   inflight: [ '1.0.6' ],
21 silly audit   inherits: [ '2.0.4', '2.0.3', '2.0.1' ],
21 silly audit   ini: [ '1.3.8' ],
21 silly audit   'inline-style-prefixer': [ '5.1.2' ],
21 silly audit   inquirer: [ '7.3.3', '6.5.0' ],
21 silly audit   rxjs: [ '6.6.7', '7.8.1' ],
21 silly audit   'internal-ip': [ '4.3.0' ],
21 silly audit   'internal-slot': [ '1.0.7' ],
21 silly audit   invariant: [ '2.2.4' ],
21 silly audit   'invert-kv': [ '2.0.0' ],
21 silly audit   ip: [ '1.1.9' ],
21 silly audit   'ip-regex': [ '2.1.0' ],
21 silly audit   'ipaddr.js': [ '1.9.1' ],
21 silly audit   'is-absolute-url': [ '2.1.0' ],
21 silly audit   'is-accessor-descriptor': [ '1.0.1' ],
21 silly audit   'is-arguments': [ '1.1.1' ],
21 silly audit   'is-array-buffer': [ '3.0.4' ],
21 silly audit   'is-arrayish': [ '0.2.1', '0.3.2' ],
21 silly audit   'is-bigint': [ '1.0.4' ],
21 silly audit   'is-binary-path': [ '1.0.1', '2.1.0' ],
21 silly audit   'is-boolean-object': [ '1.1.2' ],
21 silly audit   'is-buffer': [ '1.1.6' ],
21 silly audit   'is-callable': [ '1.2.7' ],
21 silly audit   'is-ci': [ '2.0.0' ],
21 silly audit   'is-color-stop': [ '1.1.0' ],
21 silly audit   'is-core-module': [ '2.13.1' ],
21 silly audit   'is-data-descriptor': [ '1.0.1' ],
21 silly audit   'is-data-view': [ '1.0.1' ],
21 silly audit   'is-date-object': [ '1.0.5' ],
21 silly audit   'is-directory': [ '0.3.1' ],
21 silly audit   'is-extglob': [ '2.1.1' ],
21 silly audit   'is-generator-fn': [ '2.1.0' ],
21 silly audit   'is-negative-zero': [ '2.0.3' ],
21 silly audit   'is-number-object': [ '1.0.7' ],
21 silly audit   'is-path-cwd': [ '1.0.0' ],
21 silly audit   'is-path-in-cwd': [ '1.0.1' ],
21 silly audit   'is-path-inside': [ '1.0.1' ],
21 silly audit   'is-plain-obj': [ '1.1.0' ],
21 silly audit   'is-plain-object': [ '2.0.4' ],
21 silly audit   'is-regex': [ '1.1.4' ],
21 silly audit   'is-regexp': [ '1.0.0' ],
21 silly audit   'is-resolvable': [ '1.1.0' ],
21 silly audit   'is-root': [ '2.1.0' ],
21 silly audit   'is-shared-array-buffer': [ '1.0.3' ],
21 silly audit   'is-string': [ '1.0.7' ],
21 silly audit   'is-symbol': [ '1.0.4' ],
21 silly audit   'is-typed-array': [ '1.1.13' ],
21 silly audit   'is-typedarray': [ '1.0.0' ],
21 silly audit   'is-unicode-supported': [ '0.1.0' ],
21 silly audit   'is-weakref': [ '1.0.2' ],
21 silly audit   'is-windows': [ '1.0.2' ],
21 silly audit   'is-wsl': [ '1.1.0' ],
21 silly audit   isexe: [ '2.0.0' ],
21 silly audit   isobject: [ '3.0.1', '2.1.0' ],
21 silly audit   isstream: [ '0.1.2' ],
21 silly audit   'istanbul-lib-coverage': [ '2.0.5' ],
21 silly audit   'istanbul-lib-instrument': [ '3.3.0' ],
21 silly audit   'istanbul-lib-report': [ '2.0.8' ],
21 silly audit   'istanbul-lib-source-maps': [ '3.0.6' ],
21 silly audit   'istanbul-reports': [ '2.2.7' ],
21 silly audit   jest: [ '24.9.0' ],
21 silly audit   'jest-changed-files': [ '24.9.0' ],
21 silly audit   'jest-cli': [ '24.9.0' ],
21 silly audit   'jest-config': [ '24.9.0' ],
21 silly audit   'jest-diff': [ '24.9.0' ],
21 silly audit   'jest-docblock': [ '24.9.0' ],
21 silly audit   'jest-each': [ '24.9.0' ],
21 silly audit   'jest-environment-jsdom': [ '24.9.0' ],
21 silly audit   'jest-environment-jsdom-fourteen': [ '0.1.0' ],
21 silly audit   jsdom: [ '14.1.0', '11.12.0' ],
21 silly audit   parse5: [ '5.1.0', '4.0.0' ],
21 silly audit   ws: [ '6.2.2', '5.2.3' ],
21 silly audit   'jest-environment-node': [ '24.9.0' ],
21 silly audit   'jest-get-type': [ '24.9.0' ],
21 silly audit   'jest-haste-map': [ '24.9.0' ],
21 silly audit   'jest-jasmine2': [ '24.9.0' ],
21 silly audit   'jest-leak-detector': [ '24.9.0' ],
21 silly audit   'jest-matcher-utils': [ '24.9.0' ],
21 silly audit   'jest-message-util': [ '24.9.0' ],
21 silly audit   'jest-mock': [ '24.9.0' ],
21 silly audit   'jest-pnp-resolver': [ '1.2.3' ],
21 silly audit   'jest-regex-util': [ '24.9.0' ],
21 silly audit   'jest-resolve': [ '24.9.0' ],
21 silly audit   'jest-resolve-dependencies': [ '24.9.0' ],
21 silly audit   'jest-runner': [ '24.9.0' ],
21 silly audit   'jest-runtime': [ '24.9.0' ],
21 silly audit   'jest-serializer': [ '24.9.0' ],
21 silly audit   'jest-snapshot': [ '24.9.0' ],
21 silly audit   'jest-util': [ '24.9.0' ],
21 silly audit   'jest-validate': [ '24.9.0' ],
21 silly audit   'jest-watch-typeahead': [ '0.4.0' ],
21 silly audit   'string-length': [ '3.1.0', '2.0.0' ],
21 silly audit   'jest-watcher': [ '24.9.0' ],
21 silly audit   'jest-worker': [ '24.9.0' ],
21 silly audit   'js-yaml': [ '3.14.1' ],
21 silly audit   jsbn: [ '0.1.1' ],
21 silly audit   jsesc: [ '2.5.2', '0.5.0' ],
21 silly audit   'json-parse-better-errors': [ '1.0.2' ],
21 silly audit   'json-parse-even-better-errors': [ '2.3.1' ],
21 silly audit   'json-schema': [ '0.4.0' ],
21 silly audit   'json-schema-traverse': [ '0.4.1' ],
21 silly audit   'json-stable-stringify': [ '1.1.1' ],
21 silly audit   'json-stable-stringify-without-jsonify': [ '1.0.1' ],
21 silly audit   'json-stringify-safe': [ '5.0.1' ],
21 silly audit   json3: [ '3.3.3' ],
21 silly audit   jsonfile: [ '4.0.0', '6.1.0' ],
21 silly audit   jsonify: [ '0.0.1' ],
21 silly audit   jsprim: [ '1.4.2' ],
21 silly audit   'jsx-ast-utils': [ '2.4.1' ],
21 silly audit   'just-extend': [ '4.2.1' ],
21 silly audit   killable: [ '1.0.1' ],
21 silly audit   kleur: [ '3.0.3' ],
21 silly audit   'last-call-webpack-plugin': [ '3.0.0' ],
21 silly audit   'lazy-cache': [ '1.0.4', '0.2.7' ],
21 silly audit   lcid: [ '2.0.0' ],
21 silly audit   'left-pad': [ '1.3.0' ],
21 silly audit   leven: [ '3.1.0' ],
21 silly audit   levenary: [ '1.1.1' ],
21 silly audit   levn: [ '0.3.0' ],
21 silly audit   'lines-and-columns': [ '1.2.4' ],
21 silly audit   'lint-staged': [ '10.5.4' ],
21 silly audit   listr2: [ '3.14.0' ],
21 silly audit   'load-json-file': [ '2.0.0', '4.0.0' ],
21 silly audit   'loader-fs-cache': [ '1.0.3' ],
21 silly audit   'loader-runner': [ '2.4.0' ],
21 silly audit   lodash: [ '4.17.21' ],
21 silly audit   'lodash._reinterpolate': [ '3.0.0' ],
21 silly audit   'lodash.debounce': [ '4.0.8' ],
21 silly audit   'lodash.memoize': [ '4.1.2' ],
21 silly audit   'lodash.sortby': [ '4.7.0' ],
21 silly audit   'lodash.template': [ '4.5.0' ],
21 silly audit   'lodash.templatesettings': [ '4.2.0' ],
21 silly audit   'lodash.uniq': [ '4.5.0' ],
21 silly audit   'log-symbols': [ '4.1.0' ],
21 silly audit   'log-update': [ '4.0.0' ],
21 silly audit   'slice-ansi': [ '4.0.0', '3.0.0', '2.1.0' ],
21 silly audit   loglevel: [ '1.9.1' ],
21 silly audit   'loose-envify': [ '1.4.0' ],
21 silly audit   'lower-case': [ '1.1.4' ],
21 silly audit   'make-cancellable-promise': [ '1.3.2' ],
21 silly audit   'make-dir': [ '2.1.0' ],
21 silly audit   'make-event-props': [ '1.6.2' ],
21 silly audit   makeerror: [ '1.0.12' ],
21 silly audit   mamacro: [ '0.0.3' ],
21 silly audit   'map-age-cleaner': [ '0.1.3' ],
21 silly audit   'map-cache': [ '0.2.2' ],
21 silly audit   'map-visit': [ '1.0.0' ],
21 silly audit   'md5.js': [ '1.3.5' ],
21 silly audit   'media-typer': [ '0.3.0' ],
21 silly audit   mem: [ '4.3.0' ],
21 silly audit   'memoize-one': [ '5.2.1' ],
21 silly audit   'merge-class-names': [ '1.4.2' ],
21 silly audit   'merge-deep': [ '3.0.3' ],
21 silly audit   'merge-descriptors': [ '1.0.1' ],
21 silly audit   'merge-refs': [ '1.3.0' ],
21 silly audit   'merge-stream': [ '2.0.0' ],
21 silly audit   merge2: [ '1.4.1' ],
21 silly audit   methods: [ '1.1.2' ],
21 silly audit   'microevent.ts': [ '0.1.1' ],
21 silly audit   'miller-rabin': [ '4.0.1' ],
21 silly audit   mime: [ '2.6.0', '1.6.0' ],
21 silly audit   'mime-db': [ '1.52.0' ],
21 silly audit   'mime-types': [ '2.1.35' ],
21 silly audit   'mimic-fn': [ '2.1.0', '1.2.0' ],
21 silly audit   'mini-css-extract-plugin': [ '0.8.0' ],
21 silly audit   'minimalistic-assert': [ '1.0.1' ],
21 silly audit   'minimalistic-crypto-utils': [ '1.0.1' ],
21 silly audit   minimatch: [ '3.1.2', '3.0.4' ],
21 silly audit   minimist: [ '1.2.8' ],
21 silly audit   mississippi: [ '3.0.0' ],
21 silly audit   'mixin-deep': [ '1.3.2' ],
21 silly audit   'mixin-object': [ '2.0.1' ],
21 silly audit   mkdirp: [ '0.5.6' ],
21 silly audit   moment: [ '2.30.1' ],
21 silly audit   'moment-timezone': [ '0.5.26' ],
21 silly audit   'move-concurrently': [ '1.0.1' ],
21 silly audit   'multicast-dns': [ '6.2.3' ],
21 silly audit   'multicast-dns-service-types': [ '1.1.0' ],
21 silly audit   'mute-stream': [ '0.0.8', '0.0.7' ],
21 silly audit   nan: [ '2.19.0' ],
21 silly audit   nanomatch: [ '1.2.13' ],
21 silly audit   'natural-compare': [ '1.4.0' ],
21 silly audit   negotiator: [ '0.6.3' ],
21 silly audit   'neo-async': [ '2.6.2' ],
21 silly audit   'next-tick': [ '1.1.0' ],
21 silly audit   'nice-try': [ '1.0.5' ],
21 silly audit   'no-case': [ '2.3.2' ],
21 silly audit   'node-fetch': [ '2.7.0' ],
21 silly audit   'node-forge': [ '0.10.0' ],
21 silly audit   'node-int64': [ '0.4.0' ],
21 silly audit   'node-libs-browser': [ '2.2.1' ],
21 silly audit   punycode: [ '1.4.1', '2.3.1' ],
21 silly audit   util: [ '0.11.1', '0.10.3' ],
21 silly audit   'node-notifier': [ '5.4.5' ],
21 silly audit   'node-releases': [ '2.0.14', '1.1.77' ],
21 silly audit   'normalize-package-data': [ '2.5.0' ],
21 silly audit   'normalize-range': [ '0.1.2' ],
21 silly audit   'normalize-url': [ '1.9.1', '3.3.0' ],
21 silly audit   'nth-check': [ '2.1.1', '1.0.2' ],
21 silly audit   num2fraction: [ '1.2.2' ],
21 silly audit   'number-is-nan': [ '1.0.1' ],
21 silly audit   nwsapi: [ '2.2.7' ],
21 silly audit   'oauth-sign': [ '0.9.0' ],
21 silly audit   'object-assign': [ '4.1.1' ],
21 silly audit   'object-copy': [ '0.1.0' ],
21 silly audit   'object-hash': [ '1.3.1' ],
21 silly audit   'object-inspect': [ '1.13.1' ],
21 silly audit   'object-is': [ '1.1.6' ],
21 silly audit   'object-keys': [ '1.1.1' ],
21 silly audit   'object-path': [ '0.11.4' ],
21 silly audit   'object-visit': [ '1.0.1' ],
21 silly audit   'object.assign': [ '4.1.5' ],
21 silly audit   'object.entries': [ '1.1.8' ],
21 silly audit   'object.fromentries': [ '2.0.8' ],
21 silly audit   'object.getownpropertydescriptors': [ '2.1.8' ],
21 silly audit   'object.pick': [ '1.3.0' ],
21 silly audit   'object.values': [ '1.2.0' ],
21 silly audit   obuf: [ '1.1.2' ],
21 silly audit   'on-finished': [ '2.4.1' ],
21 silly audit   'on-headers': [ '1.0.2' ],
21 silly audit   once: [ '1.4.0' ],
21 silly audit   onetime: [ '5.1.2', '2.0.1' ],
21 silly audit   open: [ '6.4.0' ],
21 silly audit   'opencollective-postinstall': [ '2.0.3' ],
21 silly audit   opn: [ '5.5.0' ],
21 silly audit   optimism: [ '0.10.3' ],
21 silly audit   'optimize-css-assets-webpack-plugin': [ '5.0.3' ],
21 silly audit   optionator: [ '0.8.3' ],
21 silly audit   'os-browserify': [ '0.3.0' ],
21 silly audit   'os-locale': [ '3.1.0' ],
21 silly audit   'os-tmpdir': [ '1.0.2' ],
21 silly audit   'p-defer': [ '1.0.0' ],
21 silly audit   'p-each-series': [ '1.0.0' ],
21 silly audit   'p-finally': [ '1.0.0' ],
21 silly audit   'p-is-promise': [ '2.1.0' ],
21 silly audit   'p-reduce': [ '1.0.0' ],
21 silly audit   'p-try': [ '2.2.0', '1.0.0' ],
21 silly audit   pako: [ '1.0.11' ],
21 silly audit   'parallel-transform': [ '1.2.0' ],
21 silly audit   'param-case': [ '2.1.1' ],
21 silly audit   'parent-module': [ '1.0.1' ],
21 silly audit   'parse-asn1': [ '5.1.7' ],
21 silly audit   'parse-author': [ '2.0.0' ],
21 silly audit   parseurl: [ '1.3.3' ],
21 silly audit   pascalcase: [ '0.1.1' ],
21 silly audit   'path-browserify': [ '0.0.1' ],
21 silly audit   'path-dirname': [ '1.0.2' ],
21 silly audit   'path-is-absolute': [ '1.0.1' ],
21 silly audit   'path-is-inside': [ '1.0.2' ],
21 silly audit   'path-parse': [ '1.0.7' ],
21 silly audit   pbkdf2: [ '3.1.2' ],
21 silly audit   'pdfjs-dist': [ '2.12.313' ],
21 silly audit   'performance-now': [ '2.1.0' ],
21 silly audit   picomatch: [ '2.3.1' ],
21 silly audit   pinkie: [ '2.0.4' ],
21 silly audit   'pinkie-promise': [ '2.0.1' ],
21 silly audit   pirates: [ '4.0.6' ],
21 silly audit   'pkg-up': [ '2.0.0' ],
21 silly audit   'please-upgrade-node': [ '3.2.0' ],
21 silly audit   pn: [ '1.1.0' ],
21 silly audit   'pnp-webpack-plugin': [ '1.5.0' ],
21 silly audit   polished: [ '3.7.2' ],
21 silly audit   'popper.js': [ '1.16.1' ],
21 silly audit   portfinder: [ '1.0.32' ],
21 silly audit   'posix-character-classes': [ '0.1.1' ],
21 silly audit   'possible-typed-array-names': [ '1.0.0' ],
21 silly audit   postcss: [ '7.0.39', '7.0.14' ],
21 silly audit   'postcss-attribute-case-insensitive': [ '4.0.2' ],
21 silly audit   'postcss-browser-comments': [ '2.0.0' ],
21 silly audit   'postcss-calc': [ '7.0.5' ],
21 silly audit   'postcss-color-functional-notation': [ '2.0.1' ],
21 silly audit   'postcss-color-gray': [ '5.0.0' ],
21 silly audit   'postcss-color-hex-alpha': [ '5.0.3' ],
21 silly audit   'postcss-color-mod-function': [ '3.0.3' ],
21 silly audit   'postcss-color-rebeccapurple': [ '4.0.1' ],
21 silly audit   'postcss-colormin': [ '4.0.3' ],
21 silly audit   'postcss-convert-values': [ '4.0.1' ],
21 silly audit   'postcss-custom-media': [ '7.0.8' ],
21 silly audit   'postcss-custom-properties': [ '8.0.11' ],
21 silly audit   'postcss-custom-selectors': [ '5.1.2' ],
21 silly audit   'postcss-dir-pseudo-class': [ '5.0.0' ],
21 silly audit   'postcss-discard-comments': [ '4.0.2' ],
21 silly audit   'postcss-discard-duplicates': [ '4.0.2' ],
21 silly audit   'postcss-discard-empty': [ '4.0.1' ],
21 silly audit   'postcss-discard-overridden': [ '4.0.1' ],
21 silly audit   'postcss-double-position-gradients': [ '1.0.0' ],
21 silly audit   'postcss-env-function': [ '2.0.2' ],
21 silly audit   'postcss-flexbugs-fixes': [ '4.1.0' ],
21 silly audit   'postcss-focus-visible': [ '4.0.0' ],
21 silly audit   'postcss-focus-within': [ '3.0.0' ],
21 silly audit   'postcss-font-variant': [ '4.0.1' ],
21 silly audit   'postcss-gap-properties': [ '2.0.0' ],
21 silly audit   'postcss-image-set-function': [ '3.0.1' ],
21 silly audit   'postcss-initial': [ '3.0.4' ],
21 silly audit   'postcss-lab-function': [ '2.0.1' ],
21 silly audit   'postcss-load-config': [ '2.1.2' ],
21 silly audit   'postcss-loader': [ '3.0.0' ],
21 silly audit   'postcss-logical': [ '3.0.0' ],
21 silly audit   'postcss-media-minmax': [ '4.0.0' ],
21 silly audit   'postcss-merge-longhand': [ '4.0.11' ],
21 silly audit   'postcss-merge-rules': [ '4.0.3' ],
21 silly audit   'postcss-minify-font-values': [ '4.0.2' ],
21 silly audit   'postcss-minify-gradients': [ '4.0.2' ],
21 silly audit   'postcss-minify-params': [ '4.0.2' ],
21 silly audit   'postcss-minify-selectors': [ '4.0.2' ],
21 silly audit   'postcss-modules-extract-imports': [ '2.0.0' ],
21 silly audit   'postcss-modules-local-by-default': [ '2.0.6' ],
21 silly audit   'postcss-modules-scope': [ '2.2.0' ],
21 silly audit   'postcss-modules-values': [ '2.0.0' ],
21 silly audit   'postcss-nesting': [ '7.0.1' ],
21 silly audit   'postcss-normalize': [ '7.0.1' ],
21 silly audit   'postcss-normalize-charset': [ '4.0.1' ],
21 silly audit   'postcss-normalize-display-values': [ '4.0.2' ],
21 silly audit   'postcss-normalize-positions': [ '4.0.2' ],
21 silly audit   'postcss-normalize-repeat-style': [ '4.0.2' ],
21 silly audit   'postcss-normalize-string': [ '4.0.2' ],
21 silly audit   'postcss-normalize-timing-functions': [ '4.0.2' ],
21 silly audit   'postcss-normalize-unicode': [ '4.0.1' ],
21 silly audit   'postcss-normalize-url': [ '4.0.1' ],
21 silly audit   'postcss-normalize-whitespace': [ '4.0.2' ],
21 silly audit   'postcss-ordered-values': [ '4.1.2' ],
21 silly audit   'postcss-overflow-shorthand': [ '2.0.0' ],
21 silly audit   'postcss-page-break': [ '2.0.0' ],
21 silly audit   'postcss-place': [ '4.0.1' ],
21 silly audit   'postcss-preset-env': [ '6.7.0' ],
21 silly audit   'postcss-pseudo-class-any-link': [ '6.0.0' ],
21 silly audit   'postcss-reduce-initial': [ '4.0.3' ],
21 silly audit   'postcss-reduce-transforms': [ '4.0.2' ],
21 silly audit   'postcss-replace-overflow-wrap': [ '3.0.0' ],
21 silly audit   'postcss-safe-parser': [ '4.0.1' ],
21 silly audit   'postcss-selector-matches': [ '4.0.0' ],
21 silly audit   'postcss-selector-not': [ '4.0.1' ],
21 silly audit   'postcss-svgo': [ '4.0.3' ],
21 silly audit   'postcss-unique-selectors': [ '4.0.1' ],
21 silly audit   'postcss-values-parser': [ '2.0.1' ],
21 silly audit   'prelude-ls': [ '1.1.2' ],
21 silly audit   'prepend-http': [ '1.0.4' ],
21 silly audit   prettier: [ '2.0.5' ],
21 silly audit   'prettier-package-json': [ '2.8.0' ],
21 silly audit   universalify: [ '2.0.1', '0.1.2' ],
21 silly audit   'pretty-bytes': [ '5.6.0' ],
21 silly audit   'pretty-error': [ '2.1.2' ],
21 silly audit   'pretty-format': [ '24.9.0' ],
21 silly audit   process: [ '0.11.10' ],
21 silly audit   'process-nextick-args': [ '2.0.1' ],
21 silly audit   progress: [ '2.0.3' ],
21 silly audit   promise: [ '8.3.0' ],
21 silly audit   'promise-inflight': [ '1.0.1' ],
21 silly audit   prompts: [ '2.4.2' ],
21 silly audit   'prop-types': [ '15.8.1' ],
21 silly audit   'prop-types-extra': [ '1.1.1' ],
21 silly audit   'proxy-addr': [ '2.0.7' ],
21 silly audit   prr: [ '1.0.1' ],
21 silly audit   psl: [ '1.9.0' ],
21 silly audit   'public-encrypt': [ '4.0.3' ],
21 silly audit   pump: [ '3.0.0', '2.0.1' ],
21 silly audit   pumpify: [ '1.5.1' ],
21 silly audit   q: [ '1.5.1' ],
21 silly audit   'query-string': [ '4.3.4' ],
21 silly audit   'querystring-es3': [ '0.2.1' ],
21 silly audit   querystringify: [ '2.2.0' ],
21 silly audit   raf: [ '3.4.1' ],
21 silly audit   randombytes: [ '2.1.0' ],
21 silly audit   randomfill: [ '1.0.4' ],
21 silly audit   'range-parser': [ '1.2.1' ],
21 silly audit   'raw-body': [ '2.5.2' ],
21 silly audit   react: [ '16.14.0' ],
21 silly audit   'react-app-polyfill': [ '1.0.6' ],
21 silly audit   'react-bootstrap': [ '1.6.8' ],
21 silly audit   'react-chartjs-2': [ '2.11.2' ],
21 silly audit   'react-clientside-effect': [ '1.2.6' ],
21 silly audit   'react-dev-utils': [ '9.1.0' ],
21 silly audit   'restore-cursor': [ '2.0.0', '3.1.0' ],
21 silly audit   'react-dom': [ '16.14.0' ],
21 silly audit   'react-dropzone': [ '9.0.0' ],
21 silly audit   'react-error-overlay': [ '6.0.11' ],
21 silly audit   'react-fast-compare': [ '3.2.2' ],
21 silly audit   'react-focus-lock': [ '2.11.2' ],
21 silly audit   'react-helmet': [ '6.1.0' ],
21 silly audit   'react-input-mask': [ '2.0.4' ],
21 silly audit   'react-lifecycles-compat': [ '3.0.4' ],
21 silly audit   'react-movable': [ '2.5.4' ],
21 silly audit   'react-multi-ref': [ '1.0.1' ],
21 silly audit   'react-overlays': [ '5.2.1' ],
21 silly audit   'react-pdf': [ '5.7.1' ],
21 silly audit   'react-range': [ '1.8.14' ],
21 silly audit   'react-reveal': [ '1.2.2' ],
21 silly audit   'react-router': [ '5.3.4' ],
21 silly audit   'react-router-dom': [ '5.3.4' ],
21 silly audit   'react-scripts': [ '3.2.0' ],
21 silly audit   'react-side-effect': [ '2.1.2' ],
21 silly audit   'react-transition-group': [ '4.4.5' ],
21 silly audit   'react-uid': [ '2.3.3' ],
21 silly audit   'react-virtualized': [ '9.22.5' ],
21 silly audit   'react-virtualized-auto-sizer': [ '1.0.24' ],
21 silly audit   'react-window': [ '1.8.10' ],
21 silly audit   'read-pkg': [ '2.0.0', '3.0.0' ],
21 silly audit   'read-pkg-up': [ '2.0.0', '4.0.0' ],
21 silly audit   'readable-stream': [ '2.3.8', '3.6.2' ],
21 silly audit   readdirp: [ '2.2.1', '3.6.0' ],
21 silly audit   'realpath-native': [ '1.1.0' ],
21 silly audit   'recursive-readdir': [ '2.2.2' ],
21 silly audit   regenerate: [ '1.4.2' ],
21 silly audit   'regenerate-unicode-properties': [ '10.1.1' ],
21 silly audit   'regenerator-transform': [ '0.15.2' ],
21 silly audit   'regex-not': [ '1.0.2' ],
21 silly audit   'regex-parser': [ '2.2.10' ],
21 silly audit   'regexp.prototype.flags': [ '1.5.2' ],
21 silly audit   'regexpu-core': [ '5.3.2' ],
21 silly audit   regjsparser: [ '0.9.1' ],
21 silly audit   relateurl: [ '0.2.7' ],
21 silly audit   'remove-trailing-separator': [ '1.1.0' ],
21 silly audit   renderkid: [ '2.0.7' ],
21 silly audit   'repeat-element': [ '1.1.4' ],
21 silly audit   'repeat-string': [ '1.6.1' ],
21 silly audit   request: [ '2.88.2' ],
21 silly audit   'request-promise-core': [ '1.1.4' ],
21 silly audit   'request-promise-native': [ '1.0.9' ],
21 silly audit   'require-directory': [ '2.1.1' ],
21 silly audit   'require-main-filename': [ '2.0.0', '1.0.1' ],
21 silly audit   'requires-port': [ '1.0.0' ],
21 silly audit   'resize-observer-polyfill': [ '1.5.1' ],
21 silly audit   'resolve-cwd': [ '2.0.0' ],
21 silly audit   'resolve-pathname': [ '3.0.0' ],
21 silly audit   'resolve-url': [ '0.2.1' ],
21 silly audit   'resolve-url-loader': [ '3.1.0' ],
21 silly audit   ret: [ '0.1.15' ],
21 silly audit   rework: [ '1.0.1' ],
21 silly audit   'rework-visit': [ '1.0.0' ],
21 silly audit   rfdc: [ '1.3.1' ],
21 silly audit   'rgb-regex': [ '1.0.1' ],
21 silly audit   'rgba-regex': [ '1.0.0' ],
21 silly audit   rimraf: [ '2.6.3' ],
21 silly audit   ripemd160: [ '2.0.2' ],
21 silly audit   rsvp: [ '4.8.5' ],
21 silly audit   'run-async': [ '2.4.1' ],
21 silly audit   'run-queue': [ '1.0.3' ],
21 silly audit   'safe-array-concat': [ '1.1.2' ],
21 silly audit   'safe-regex': [ '1.1.0' ],
21 silly audit   'safe-regex-test': [ '1.0.3' ],
21 silly audit   'safer-buffer': [ '2.1.2' ],
21 silly audit   sane: [ '4.1.0' ],
21 silly audit   'sass-loader': [ '7.2.0' ],
21 silly audit   'shallow-clone': [ '3.0.1', '0.1.2' ],
21 silly audit   sax: [ '1.3.0', '1.2.4' ],
21 silly audit   saxes: [ '3.1.11' ],
21 silly audit   scheduler: [ '0.19.1' ],
21 silly audit   'select-hose': [ '2.0.0' ],
21 silly audit   selfsigned: [ '1.10.14' ],
21 silly audit   'semver-compare': [ '1.0.0' ],
21 silly audit   'semver-regex': [ '3.1.4' ],
21 silly audit   send: [ '0.18.0' ],
21 silly audit   'serialize-javascript': [ '1.9.1' ],
21 silly audit   'serve-index': [ '1.9.1' ],
21 silly audit   setprototypeof: [ '1.1.0', '1.2.0' ],
21 silly audit   statuses: [ '1.5.0', '2.0.1' ],
21 silly audit   'serve-static': [ '1.15.0' ],
21 silly audit   'set-blocking': [ '2.0.0' ],
21 silly audit   'set-function-length': [ '1.2.2' ],
21 silly audit   'set-function-name': [ '2.0.2' ],
21 silly audit   'set-value': [ '2.0.1' ],
21 silly audit   setimmediate: [ '1.0.5' ],
21 silly audit   'sha.js': [ '2.4.11' ],
21 silly audit   shallowequal: [ '1.1.0' ],
21 silly audit   'shell-quote': [ '1.7.2' ],
21 silly audit   shellwords: [ '0.1.1' ],
21 silly audit   'side-channel': [ '1.0.6' ],
21 silly audit   'signal-exit': [ '3.0.7' ],
21 silly audit   'simple-swizzle': [ '0.2.2' ],
21 silly audit   sisteransi: [ '1.0.5' ],
21 silly audit   snapdragon: [ '0.8.2' ],
21 silly audit   'snapdragon-node': [ '2.1.1' ],
21 silly audit   'snapdragon-util': [ '3.0.1' ],
21 silly audit   sockjs: [ '0.3.19' ],
21 silly audit   'sockjs-client': [ '1.4.0', '1.3.0' ],
21 silly audit   'sort-keys': [ '1.1.2' ],
21 silly audit   'sort-object-keys': [ '1.1.3' ],
21 silly audit   'sort-order': [ '1.1.2' ],
21 silly audit   'source-list-map': [ '2.0.1' ],
21 silly audit   'source-map-resolve': [ '0.5.3' ],
21 silly audit   'source-map-support': [ '0.5.21' ],
21 silly audit   'source-map-url': [ '0.4.1' ],
21 silly audit   'spdx-correct': [ '3.2.0' ],
21 silly audit   'spdx-exceptions': [ '2.5.0' ],
21 silly audit   'spdx-expression-parse': [ '3.0.1' ],
21 silly audit   'spdx-license-ids': [ '3.0.17' ],
21 silly audit   spdy: [ '4.0.2' ],
21 silly audit   'spdy-transport': [ '3.0.0' ],
21 silly audit   'split-string': [ '3.1.0' ],
21 silly audit   'sprintf-js': [ '1.0.3' ],
21 silly audit   sshpk: [ '1.18.0' ],
21 silly audit   ssri: [ '6.0.2' ],
21 silly audit   stable: [ '0.1.8' ],
21 silly audit   'stack-utils': [ '1.0.5' ],
21 silly audit   'static-extend': [ '0.1.2' ],
21 silly audit   'stealthy-require': [ '1.1.1' ],
21 silly audit   'stream-browserify': [ '2.0.2' ],
21 silly audit   'stream-each': [ '1.2.3' ],
21 silly audit   'stream-http': [ '2.8.3' ],
21 silly audit   'stream-shift': [ '1.0.3' ],
21 silly audit   'strict-uri-encode': [ '1.1.0' ],
21 silly audit   string_decoder: [ '1.1.1' ],
21 silly audit   'string-argv': [ '0.3.1' ],
21 silly audit   'string.prototype.trim': [ '1.2.9' ],
21 silly audit   'string.prototype.trimend': [ '1.0.8' ],
21 silly audit   'string.prototype.trimstart': [ '1.0.8' ],
21 silly audit   'stringify-object': [ '3.3.0' ],
21 silly audit   'strip-bom': [ '3.0.0' ],
21 silly audit   'strip-comments': [ '1.0.2' ],
21 silly audit   'strip-eof': [ '1.0.0' ],
21 silly audit   'strip-final-newline': [ '2.0.0' ],
21 silly audit   'strip-json-comments': [ '3.1.1' ],
21 silly audit   'strip-outer': [ '1.0.1' ],
21 silly audit   'strip-url-auth': [ '1.0.1' ],
21 silly audit   'style-loader': [ '1.0.0' ],
21 silly audit   'styled-components': [ '5.3.11' ],
21 silly audit   stylehacks: [ '4.0.3' ],
21 silly audit   'styletron-engine-atomic': [ '1.6.2' ],
21 silly audit   'styletron-react': [ '5.2.7' ],
21 silly audit   'styletron-standard': [ '3.1.0' ],
21 silly audit   'supports-preserve-symlinks-flag': [ '1.0.0' ],
21 silly audit   'svg-parser': [ '2.0.4' ],
21 silly audit   svgo: [ '1.3.2' ],
21 silly audit   'symbol-observable': [ '1.2.0' ],
21 silly audit   'symbol-tree': [ '3.2.4' ],
21 silly audit   table: [ '5.4.6' ],
21 silly audit   tapable: [ '1.1.3' ],
21 silly audit   terser: [ '4.8.1' ],
21 silly audit   'terser-webpack-plugin': [ '1.4.1' ],
21 silly audit   'test-exclude': [ '5.2.3' ],
21 silly audit   'text-table': [ '0.2.0' ],
21 silly audit   throat: [ '4.1.0' ],
21 silly audit   through: [ '2.3.8' ],
21 silly audit   through2: [ '2.0.5' ],
21 silly audit   thunky: [ '1.1.0' ],
21 silly audit   'timers-browserify': [ '2.0.12' ],
21 silly audit   'timezone-support': [ '2.2.0' ],
21 silly audit   timsort: [ '0.3.0' ],
21 silly audit   'tiny-invariant': [ '1.3.3' ],
21 silly audit   'tiny-warning': [ '1.0.3' ],
21 silly audit   tmp: [ '0.0.33' ],
21 silly audit   tmpl: [ '1.0.5' ],
21 silly audit   'to-arraybuffer': [ '1.0.1' ],
21 silly audit   'to-fast-properties': [ '2.0.0' ],
21 silly audit   'to-object-path': [ '0.3.0' ],
21 silly audit   'to-regex': [ '3.0.2' ],
21 silly audit   toidentifier: [ '1.0.1' ],
21 silly audit   'tough-cookie': [ '2.5.0' ],
21 silly audit   'trim-repeated': [ '1.0.0' ],
21 silly audit   'ts-invariant': [ '0.4.4' ],
21 silly audit   'ts-pnp': [ '1.1.4' ],
21 silly audit   tsutils: [ '3.21.0' ],
21 silly audit   'tty-browserify': [ '0.0.0' ],
21 silly audit   'tunnel-agent': [ '0.6.0' ],
21 silly audit   tweetnacl: [ '0.14.5' ],
21 silly audit   type: [ '2.7.2' ],
21 silly audit   'type-check': [ '0.3.2' ],
21 silly audit   'type-is': [ '1.6.18' ],
21 silly audit   'typed-array-buffer': [ '1.0.2' ],
21 silly audit   'typed-array-byte-length': [ '1.0.1' ],
21 silly audit   'typed-array-byte-offset': [ '1.0.2' ],
21 silly audit   'typed-array-length': [ '1.0.6' ],
21 silly audit   typedarray: [ '0.0.6' ],
21 silly audit   'uglify-js': [ '3.4.10' ],
21 silly audit   'unbox-primitive': [ '1.0.2' ],
21 silly audit   uncontrollable: [ '7.2.1' ],
21 silly audit   'undici-types': [ '5.26.5' ],
21 silly audit   'unicode-canonical-property-names-ecmascript': [ '2.0.0' ],
21 silly audit   'unicode-match-property-ecmascript': [ '2.0.0' ],
21 silly audit   'unicode-match-property-value-ecmascript': [ '2.1.0' ],
21 silly audit   'unicode-property-aliases-ecmascript': [ '2.1.0' ],
21 silly audit   'union-value': [ '1.0.1' ],
21 silly audit   uniq: [ '1.0.1' ],
21 silly audit   uniqs: [ '2.0.0' ],
21 silly audit   'unique-filename': [ '1.1.1' ],
21 silly audit   'unique-slug': [ '2.0.2' ],
21 silly audit   unpipe: [ '1.0.0' ],
21 silly audit   unquote: [ '1.1.1' ],
21 silly audit   'unset-value': [ '1.0.0' ],
21 silly audit   upath: [ '1.2.0' ],
21 silly audit   'update-browserslist-db': [ '1.0.13' ],
21 silly audit   'upper-case': [ '1.1.3' ],
21 silly audit   'uri-js': [ '4.4.1' ],
21 silly audit   urix: [ '0.1.0' ],
21 silly audit   url: [ '0.11.3' ],
21 silly audit   'url-loader': [ '2.1.0' ],
21 silly audit   'url-parse': [ '1.5.10' ],
21 silly audit   use: [ '3.1.1' ],
21 silly audit   'use-callback-ref': [ '1.3.2' ],
21 silly audit   'use-sidecar': [ '1.1.2' ],
21 silly audit   'util-deprecate': [ '1.0.2' ],
21 silly audit   'util.promisify': [ '1.0.0' ],
21 silly audit   utila: [ '0.4.0' ],
21 silly audit   'utils-merge': [ '1.0.1' ],
21 silly audit   uuid: [ '3.4.0' ],
21 silly audit   'v8-compile-cache': [ '2.4.0' ],
21 silly audit   'validate-npm-package-license': [ '3.0.4' ],
21 silly audit   'value-equal': [ '1.0.1' ],
21 silly audit   vary: [ '1.1.2' ],
21 silly audit   vendors: [ '1.0.4' ],
21 silly audit   verror: [ '1.10.0' ],
21 silly audit   'vm-browserify': [ '1.1.2' ],
21 silly audit   'w3c-hr-time': [ '1.0.2' ],
21 silly audit   'w3c-xmlserializer': [ '1.1.2' ],
21 silly audit   walker: [ '1.0.8' ],
21 silly audit   warning: [ '4.0.3' ],
21 silly audit   watchpack: [ '1.7.5' ],
21 silly audit   'watchpack-chokidar2': [ '2.0.1' ],
21 silly audit   wbuf: [ '1.7.3' ],
21 silly audit   'webidl-conversions': [ '4.0.2', '3.0.1' ],
21 silly audit   webpack: [ '4.41.0' ],
21 silly audit   'webpack-dev-middleware': [ '3.7.3' ],
21 silly audit   'webpack-dev-server': [ '3.2.1' ],
21 silly audit   yargs: [ '12.0.2', '13.3.2' ],
21 silly audit   'yargs-parser': [ '10.1.0', '13.1.2' ],
21 silly audit   'webpack-log': [ '2.0.0' ],
21 silly audit   'webpack-manifest-plugin': [ '2.1.1' ],
21 silly audit   'webpack-sources': [ '1.4.3' ],
21 silly audit   'websocket-driver': [ '0.7.4' ],
21 silly audit   'websocket-extensions': [ '0.1.4' ],
21 silly audit   'whatwg-encoding': [ '1.0.5' ],
21 silly audit   'whatwg-fetch': [ '3.6.20' ],
21 silly audit   'whatwg-mimetype': [ '2.3.0' ],
21 silly audit   'which-boxed-primitive': [ '1.0.2' ],
21 silly audit   'which-module': [ '2.0.1' ],
21 silly audit   'which-pm-runs': [ '1.1.0' ],
21 silly audit   'which-typed-array': [ '1.1.15' ],
21 silly audit   'word-wrap': [ '1.2.5' ],
21 silly audit   'workbox-background-sync': [ '4.3.1' ],
21 silly audit   'workbox-broadcast-update': [ '4.3.1' ],
21 silly audit   'workbox-build': [ '4.3.1' ],
21 silly audit   'workbox-cacheable-response': [ '4.3.1' ],
21 silly audit   'workbox-core': [ '4.3.1' ],
21 silly audit   'workbox-expiration': [ '4.3.1' ],
21 silly audit   'workbox-google-analytics': [ '4.3.1' ],
21 silly audit   'workbox-navigation-preload': [ '4.3.1' ],
21 silly audit   'workbox-precaching': [ '4.3.1' ],
21 silly audit   'workbox-range-requests': [ '4.3.1' ],
21 silly audit   'workbox-routing': [ '4.3.1' ],
21 silly audit   'workbox-strategies': [ '4.3.1' ],
21 silly audit   'workbox-streams': [ '4.3.1' ],
21 silly audit   'workbox-sw': [ '4.3.1' ],
21 silly audit   'workbox-webpack-plugin': [ '4.3.1' ],
21 silly audit   'workbox-window': [ '4.3.1' ],
21 silly audit   'worker-farm': [ '1.7.0' ],
21 silly audit   'worker-rpc': [ '0.1.1' ],
21 silly audit   wrappy: [ '1.0.2' ],
21 silly audit   write: [ '1.0.3' ],
21 silly audit   'write-file-atomic': [ '2.4.1' ],
21 silly audit   'xml-name-validator': [ '3.0.0' ],
21 silly audit   xmlchars: [ '2.2.0' ],
21 silly audit   xregexp: [ '4.0.0' ],
21 silly audit   xtend: [ '4.0.2' ],
21 silly audit   y18n: [ '4.0.3' ],
21 silly audit   yaml: [ '1.10.2' ],
21 silly audit   'yocto-queue': [ '0.1.0' ],
21 silly audit   'zen-observable': [ '0.8.15' ],
21 silly audit   'zen-observable-ts': [ '0.8.21' ]
21 silly audit }
22 http cache react-is@https://registry.npmjs.org/react-is/-/react-is-19.2.7.tgz 0ms (cache hit)
23 silly tarball no local data for react-is@https://registry.npmjs.org/react-is/-/react-is-19.2.7.tgz. Extracting by manifest.
24 http fetch POST 200 https://registry.npmjs.org/-/npm/v1/security/advisories/bulk 395ms
25 silly audit report {
25 silly audit report   semver: [
25 silly audit report     {
25 silly audit report       id: 1112922,
25 silly audit report       url: 'https://github.com/advisories/GHSA-c2qf-rxjj-qqgw',
25 silly audit report       title: 'semver vulnerable to Regular Expression Denial of Service',
25 silly audit report       severity: 'high',
25 silly audit report       vulnerable_versions: '>=6.0.0 <6.3.1',
25 silly audit report       cwe: [Array],
25 silly audit report       cvss: [Object]
25 silly audit report     }
25 silly audit report   ],
25 silly audit report   '@babel/helpers': [
25 silly audit report     {
25 silly audit report       id: 1104001,
25 silly audit report       url: 'https://github.com/advisories/GHSA-968p-4wvh-cqc8',
25 silly audit report       title: 'Babel has inefficient RegExp complexity in generated code with .replace when transpiling named capturing groups',
25 silly audit report       severity: 'moderate',
25 silly audit report       vulnerable_versions: '<7.26.10',
25 silly audit report       cwe: [Array],
25 silly audit report       cvss: [Object]
25 silly audit report     }
25 silly audit report   ],
25 silly audit report   '@babel/plugin-transform-modules-systemjs': [
25 silly audit report     {
25 silly audit report       id: 1120258,
25 silly audit report       url: 'https://github.com/advisories/GHSA-fv7c-fp4j-7gwp',
25 silly audit report       title: '@babel/plugin-transform-modules-systemjs generates arbitrary code when compiling malicious input',
25 silly audit report       severity: 'high',
25 silly audit report       vulnerable_versions: '>=7.12.0 <=7.29.3',
25 silly audit report       cwe: [Array],
25 silly audit report       cvss: [Object]
25 silly audit report     }
25 silly audit report   ],
25 silly audit report   '@babel/runtime': [
25 silly audit report     {
25 silly audit report       id: 1104000,
25 silly audit report       url: 'https://github.com/advisories/GHSA-968p-4wvh-cqc8',
25 silly audit report       title: 'Babel has inefficient RegExp complexity in generated code with .replace when transpiling named capturing groups',
25 silly audit report       severity: 'moderate',
25 silly audit report       vulnerable_versions: '<7.26.10',
25 silly audit report       cwe: [Array],
25 silly audit report       cvss: [Object]
25 silly audit report     }
25 silly audit report   ],
25 silly audit report   braces: [
25 silly audit report     {
25 silly audit report       id: 1098094,
25 silly audit report       url: 'https://github.com/advisories/GHSA-grv7-fg5c-xmjg',
25 silly audit report       title: 'Uncontrolled resource consumption in braces',
25 silly audit report       severity: 'high',
25 silly audit report       vulnerable_versions: '<3.0.3',
25 silly audit report       cwe: [Array],
25 silly audit report       cvss: [Object]
25 silly audit report     }
25 silly audit report   ],
25 silly audit report   micromatch: [
25 silly audit report     {
25 silly audit report       id: 1098681,
25 silly audit report       url: 'https://github.com/advisories/GHSA-952p-6rrq-rcjv',
25 silly audit report       title: 'Regular Expression Denial of Service (ReDoS) in micromatch',
25 silly audit report       severity: 'moderate',
25 silly audit report       vulnerable_versions: '<4.0.8',
25 silly audit report       cwe: [Array],
25 silly audit report       cvss: [Object]
25 silly audit report     }
25 silly audit report   ],
25 silly audit report   'loader-utils': [
25 silly audit report     {
25 silly audit report       id: 1109588,
25 silly audit report       url: 'https://github.com/advisories/GHSA-hhq3-ff78-jv3g',
25 silly audit report       title: 'loader-utils is vulnerable to Regular Expression Denial of Service (ReDoS)',
25 silly audit report       severity: 'high',
25 silly audit report       vulnerable_versions: '>=1.0.0 <1.4.2',
25 silly audit report       cwe: [Array],
25 silly audit report       cvss: [Object]
25 silly audit report     },
25 silly audit report     {
25 silly audit report       id: 1095055,
25 silly audit report       url: 'https://github.com/advisories/GHSA-3rfm-jhwj-7488',
25 silly audit report       title: 'loader-utils is vulnerable to Regular Expression Denial of Service (ReDoS) via url variable',
25 silly audit report       severity: 'high',
25 silly audit report       vulnerable_versions: '>=1.0.0 <1.4.2',
25 silly audit report       cwe: [Array],
25 silly audit report       cvss: [Object]
25 silly audit report     },
25 silly audit report     {
25 silly audit report       id: 1094088,
25 silly audit report       url: 'https://github.com/advisories/GHSA-76p3-8jx3-jpfq',
25 silly audit report       title: 'Prototype pollution in webpack loader-utils',
25 silly audit report       severity: 'critical',
25 silly audit report       vulnerable_versions: '<1.4.1',
25 silly audit report       cwe: [Array],
25 silly audit report       cvss: [Object]
25 silly audit report     }
25 silly audit report   ],
25 silly audit report   ajv: [
25 silly audit report     {
25 silly audit report       id: 1113714,
25 silly audit report       url: 'https://github.com/advisories/GHSA-2g4f-4pwh-qvx6',
25 silly audit report       title: 'ajv has ReDoS when using `$data` option',
25 silly audit report       severity: 'moderate',
25 silly audit report       vulnerable_versions: '<6.14.0',
25 silly audit report       cwe: [Array],
25 silly audit report       cvss: [Object]
25 silly audit report     }
25 silly audit report   ],
25 silly audit report   'ansi-html': [
25 silly audit report     {
25 silly audit report       id: 1102319,
25 silly audit report       url: 'https://github.com/advisories/GHSA-whgm-jr23-g3j9',
25 silly audit report       title: 'Uncontrolled Resource Consumption in ansi-html',
25 silly audit report       severity: 'high',
25 silly audit report       vulnerable_versions: '<0.0.8',
25 silly audit report       cwe: [Array],
25 silly audit report       cvss: [Object]
25 silly audit report     }
25 silly audit report   ],
25 silly audit report   'bn.js': [
25 silly audit report     {
25 silly audit report       id: 1113441,
25 silly audit report       url: 'https://github.com/advisories/GHSA-378v-28hj-76wf',
25 silly audit report       title: 'bn.js affected by an infinite loop',
25 silly audit report       severity: 'moderate',
25 silly audit report       vulnerable_versions: '>=5.0.0 <5.2.3',
25 silly audit report       cwe: [Array],
25 silly audit report       cvss: [Object]
25 silly audit report     },
25 silly audit report     {
25 silly audit report       id: 1113442,
25 silly audit report       url: 'https://github.com/advisories/GHSA-378v-28hj-76wf',
25 silly audit report       title: 'bn.js affected by an infinite loop',
25 silly audit report       severity: 'moderate',
25 silly audit report       vulnerable_versions: '<4.12.3',
25 silly audit report       cwe: [Array],
25 silly audit report       cvss: [Object]
25 silly audit report     }
25 silly audit report   ],
25 silly audit report   'body-parser': [
25 silly audit report     {
25 silly audit report       id: 1099520,
25 silly audit report       url: 'https://github.com/advisories/GHSA-qwcr-r2fm-qrc7',
25 silly audit report       title: 'body-parser vulnerable to denial of service when url encoding is enabled',
25 silly audit report       severity: 'high',
25 silly audit report       vulnerable_versions: '<1.20.3',
25 silly audit report       cwe: [Array],
25 silly audit report       cvss: [Object]
25 silly audit report     }
25 silly audit report   ],
25 silly audit report   qs: [
25 silly audit report     {
25 silly audit report       id: 1119502,
25 silly audit report       url: 'https://github.com/advisories/GHSA-q8mj-m7cp-5q26',
25 silly audit report       title: 'qs has a remotely triggerable DoS: qs.stringify crashes with TypeError on null/undefined entries in comma-format arrays when encodeValuesOnly is set',
25 silly audit report       severity: 'moderate',
25 silly audit report       vulnerable_versions: '>=6.11.1 <=6.15.1',
25 silly audit report       cwe: [Array],
25 silly audit report       cvss: [Object]
25 silly audit report     },
25 silly audit report     {
25 silly audit report       id: 1113161,
25 silly audit report       url: 'https://github.com/advisories/GHSA-w7fw-mjwx-w883',
25 silly audit report       title: "qs's arrayLimit bypass in comma parsing allows denial of service",
25 silly audit report       severity: 'low',
25 silly audit report       vulnerable_versions: '>=6.7.0 <=6.14.1',
25 silly audit report       cwe: [Array],
25 silly audit report       cvss: [Object]
25 silly audit report     },
25 silly audit report     {
25 silly audit report       id: 1113719,
25 silly audit report       url: 'https://github.com/advisories/GHSA-6rw7-vpxm-498p',
25 silly audit report       title: "qs's arrayLimit bypass in its bracket notation allows DoS via memory exhaustion",
25 silly audit report       severity: 'moderate',
25 silly audit report       vulnerable_versions: '<6.14.1',
25 silly audit report       cwe: [Array],
25 silly audit report       cvss: [Object]
25 silly audit report     }
25 silly audit report   ],
25 silly audit report   'brace-expansion': [
25 silly audit report     {
25 silly audit report       id: 1105443,
25 silly audit report       url: 'https://github.com/advisories/GHSA-v6h2-p8h4-qcjw',
25 silly audit report       title: 'brace-expansion Regular Expression Denial of Service vulnerability',
25 silly audit report       severity: 'low',
25 silly audit report       vulnerable_versions: '>=1.0.0 <=1.1.11',
25 silly audit report       cwe: [Array],
25 silly audit report       cvss: [Object]
25 silly audit report     },
25 silly audit report     {
25 silly audit report       id: 1115540,
25 silly audit report       url: 'https://github.com/advisories/GHSA-f886-m6hf-6m8v',
25 silly audit report       title: 'brace-expansion: Zero-step sequence causes process hang and memory exhaustion',
25 silly audit report       severity: 'moderate',
25 silly audit report       vulnerable_versions: '<1.1.13',
25 silly audit report       cwe: [Array],
25 silly audit report       cvss: [Object]
25 silly audit report     }
25 silly audit report   ],
25 silly audit report   browserslist: [
25 silly audit report     {
25 silly audit report       id: 1093035,
25 silly audit report       url: 'https://github.com/advisories/GHSA-w8qv-6jwh-64r5',
25 silly audit report       title: 'Regular Expression Denial of Service in browserslist',
25 silly audit report       severity: 'moderate',
25 silly audit report       vulnerable_versions: '>=4.0.0 <4.16.5',
25 silly audit report       cwe: [Array],
25 silly audit report       cvss: [Object]
25 silly audit report     }
25 silly audit report   ],
25 silly audit report   'cipher-base': [
25 silly audit report     {
25 silly audit report       id: 1109536,
25 silly audit report       url: 'https://github.com/advisories/GHSA-cpq7-6gpm-g9rc',
25 silly audit report       title: 'cipher-base is missing type checks, leading to hash rewind and passing on crafted data',
25 silly audit report       severity: 'critical',
25 silly audit report       vulnerable_versions: '<=1.0.4',
25 silly audit report       cwe: [Array],
25 silly audit report       cvss: [Object]
25 silly audit report     }
25 silly audit report   ],
25 silly audit report   cookie: [
25 silly audit report     {
25 silly audit report       id: 1103907,
25 silly audit report       url: 'https://github.com/advisories/GHSA-pxg6-pf52-xh8x',
25 silly audit report       title: 'cookie accepts cookie name, path, and domain with out of bounds characters',
25 silly audit report       severity: 'low',
25 silly audit report       vulnerable_versions: '<0.7.0',
25 silly audit report       cwe: [Array],
25 silly audit report       cvss: [Object]
25 silly audit report     }
25 silly audit report   ],
25 silly audit report   'cross-spawn': [
25 silly audit report     {
25 silly audit report       id: 1104663,
25 silly audit report       url: 'https://github.com/advisories/GHSA-3xgq-45jj-v275',
25 silly audit report       title: 'Regular Expression Denial of Service (ReDoS) in cross-spawn',
25 silly audit report       severity: 'high',
25 silly audit report       vulnerable_versions: '<6.0.6',
25 silly audit report       cwe: [Array],
25 silly audit report       cvss: [Object]
25 silly audit report     },
25 silly audit report     {
25 silly audit report       id: 1104664,
25 silly audit report       url: 'https://github.com/advisories/GHSA-3xgq-45jj-v275',
25 silly audit report       title: 'Regular Expression Denial of Service (ReDoS) in cross-spawn',
25 silly audit report       severity: 'high',
25 silly audit report       vulnerable_versions: '>=7.0.0 <7.0.5',
25 silly audit report       cwe: [Array],
25 silly audit report       cvss: [Object]
25 silly audit report     }
25 silly audit report   ],
25 silly audit report   elliptic: [
25 silly audit report     {
25 silly audit report       id: 1102901,
25 silly audit report       url: 'https://github.com/advisories/GHSA-vjh7-7g9h-fjfh',
25 silly audit report       title: "Elliptic's private key extraction in ECDSA upon signing a malformed input (e.g. a string)",
25 silly audit report       severity: 'critical',
25 silly audit report       vulnerable_versions: '<=6.6.0',
25 silly audit report       cwe: [Array],
25 silly audit report       cvss: [Object]
25 silly audit report     },
25 silly audit report     {
25 silly audit report       id: 1111036,
25 silly audit report       url: 'https://github.com/advisories/GHSA-fc9h-whq2-v747',
25 silly audit report       title: 'Valid ECDSA signatures erroneously rejected in Elliptic',
25 silly audit report       severity: 'low',
25 silly audit report       vulnerable_versions: '<6.6.0',
25 silly audit report       cwe: [Array],
25 silly audit report       cvss: [Object]
25 silly audit report     },
25 silly audit report     {
25 silly audit report       id: 1111037,
25 silly audit report       url: 'https://github.com/advisories/GHSA-434g-2637-qmqr',
25 silly audit report       title: "Elliptic's verify function omits uniqueness validation",
25 silly audit report       severity: 'low',
25 silly audit report       vulnerable_versions: '<6.5.6',
25 silly audit report       cwe: [Array],
25 silly audit report       cvss: [Object]
25 silly audit report     },
25 silly audit report     {
25 silly audit report       id: 1112030,
25 silly audit report       url: 'https://github.com/advisories/GHSA-848j-6mx2-7j84',
25 silly audit report       title: 'Elliptic Uses a Cryptographic Primitive with a Risky Implementation',
25 silly audit report       severity: 'low',
25 silly audit report       vulnerable_versions: '<=6.6.1',
25 silly audit report       cwe: [Array],
25 silly audit report       cvss: [Object]
25 silly audit report     },
25 silly audit report     {
25 silly audit report       id: 1109566,
25 silly audit report       url: 'https://github.com/advisories/GHSA-f7q4-pwc6-w24p',
25 silly audit report       title: "Elliptic's EDDSA missing signature length check",
25 silly audit report       severity: 'low',
25 silly audit report       vulnerable_versions: '>=4.0.0 <=6.5.6',
25 silly audit report       cwe: [Array],
25 silly audit report       cvss: [Object]
25 silly audit report     },
25 silly audit report     {
25 silly audit report       id: 1109567,
25 silly audit report       url: 'https://github.com/advisories/GHSA-977x-g7h5-7qgw',
25 silly audit report       title: "Elliptic's ECDSA missing check for whether leading bit of r and s is zero",
25 silly audit report       severity: 'low',
25 silly audit report       vulnerable_versions: '>=2.0.0 <=6.5.6',
25 silly audit report       cwe: [Array],
25 silly audit report       cvss: [Object]
25 silly audit report     },
25 silly audit report     {
25 silly audit report       id: 1109568,
25 silly audit report       url: 'https://github.com/advisories/GHSA-49q7-c7j4-3p7m',
25 silly audit report       title: 'Elliptic allows BER-encoded signatures',
25 silly audit report       severity: 'low',
25 silly audit report       vulnerable_versions: '>=5.2.1 <=6.5.6',
25 silly audit report       cwe: [Array],
25 silly audit report       cvss: [Object]
25 silly audit report     }
25 silly audit report   ],
25 silly audit report   express: [
25 silly audit report     {
25 silly audit report       id: 1100530,
25 silly audit report       url: 'https://github.com/advisories/GHSA-qw6h-vgh9-j6wx',
25 silly audit report       title: 'express vulnerable to XSS via response.redirect()',
25 silly audit report       severity: 'low',
25 silly audit report       vulnerable_versions: '<4.20.0',
25 silly audit report       cwe: [Array],
25 silly audit report       cvss: [Object]
25 silly audit report     }
25 silly audit report   ],
25 silly audit report   'path-to-regexp': [
25 silly audit report     {
25 silly audit report       id: 1101849,
25 silly audit report       url: 'https://github.com/advisories/GHSA-9wv6-86v2-598j',
25 silly audit report       title: 'path-to-regexp outputs backtracking regular expressions',
25 silly audit report       severity: 'high',
25 silly audit report       vulnerable_versions: '>=0.2.0 <1.9.0',
25 silly audit report       cwe: [Array],
25 silly audit report       cvss: [Object]
25 silly audit report     },
25 silly audit report     {
25 silly audit report       id: 1101850,
25 silly audit report       url: 'https://github.com/advisories/GHSA-9wv6-86v2-598j',
25 silly audit report       title: 'path-to-regexp outputs backtracking regular expressions',
25 silly audit report       severity: 'high',
25 silly audit report       vulnerable_versions: '<0.1.10',
25 silly audit report       cwe: [Array],
25 silly audit report       cvss: [Object]
25 silly audit report     },
25 silly audit report     {
25 silly audit report       id: 1105199,
25 silly audit report       url: 'https://github.com/advisories/GHSA-rhx6-c78j-4q9w',
25 silly audit report       title: 'path-to-regexp contains a ReDoS',
25 silly audit report       severity: 'high',
25 silly audit report       vulnerable_versions: '<0.1.12',
25 silly audit report       cwe: [Array],
25 silly audit report       cvss: [Object]
25 silly audit report     },
25 silly audit report     {
25 silly audit report       id: 1115527,
25 silly audit report       url: 'https://github.com/advisories/GHSA-37ch-88jc-xwx2',
25 silly audit report       title: 'path-to-regexp vulnerable to Regular Expression Denial of Service via multiple route parameters',
25 silly audit report       severity: 'high',
25 silly audit report       vulnerable_versions: '<0.1.13',
25 silly audit report       cwe: [Array],
25 silly audit report       cvss: [Object]
25 silly audit report     }
25 silly audit report   ],
25 silly audit report   flatted: [
25 silly audit report     {
25 silly audit report       id: 1114526,
25 silly audit report       url: 'https://github.com/advisories/GHSA-25h7-pfq9-p65f',
25 silly audit report       title: 'flatted vulnerable to unbounded recursion DoS in parse() revive phase',
25 silly audit report       severity: 'high',
25 silly audit report       vulnerable_versions: '<3.4.0',
25 silly audit report       cwe: [Array],
25 silly audit report       cvss: [Object]
25 silly audit report     },
25 silly audit report     {
25 silly audit report       id: 1115357,
25 silly audit report       url: 'https://github.com/advisories/GHSA-rf6f-7fwh-wjgh',
25 silly audit report       title: 'Prototype Pollution via parse() in NodeJS flatted',
25 silly audit report       severity: 'high',
25 silly audit report       vulnerable_versions: '<=3.4.1',
25 silly audit report       cwe: [Array],
25 silly audit report       cvss: [Object]
25 silly audit report     }
25 silly audit report   ],
25 silly audit report   'follow-redirects': [
25 silly audit report     {
25 silly audit report       id: 1116560,
25 silly audit report       url: 'https://github.com/advisories/GHSA-r4q5-vmmm-2653',
25 silly audit report       title: 'follow-redirects leaks Custom Authentication Headers to Cross-Domain Redirect Targets',
25 silly audit report       severity: 'moderate',
25 silly audit report       vulnerable_versions: '<=1.15.11',
25 silly audit report       cwe: [Array],
25 silly audit report       cvss: [Object]
25 silly audit report     }
25 silly audit report   ],
25 silly audit report   'form-data': [
25 silly audit report     {
25 silly audit report       id: 1109540,
25 silly audit report       url: 'https://github.com/advisories/GHSA-fjxv-7rqg-78g4',
25 silly audit report       title: 'form-data uses unsafe random function in form-data for choosing boundary',
25 silly audit report       severity: 'critical',
25 silly audit report       vulnerable_versions: '<2.5.4',
25 silly audit report       cwe: [Array],
25 silly audit report       cvss: [Object]
25 silly audit report     }
25 silly audit report   ],
25 silly audit report   'gh-pages': [
25 silly audit report     {
25 silly audit report       id: 1097162,
25 silly audit report       url: 'https://github.com/advisories/GHSA-8mmm-9v2q-x3f9',
25 silly audit report       title: 'tschaub gh-pages vulnerable to prototype pollution',
25 silly audit report       severity: 'critical',
25 silly audit report       vulnerable_versions: '<5.0.0',
25 silly audit report       cwe: [Array],
25 silly audit report       cvss: [Object]
25 silly audit report     }
25 silly audit report   ],
25 silly audit report   'html-minifier': [
25 silly audit report     {
25 silly audit report       id: 1105440,
25 silly audit report       url: 'https://github.com/advisories/GHSA-pfq8-rq6v-vf5m',
25 silly audit report       title: 'kangax html-minifier REDoS vulnerability',
25 silly audit report       severity: 'high',
25 silly audit report       vulnerable_versions: '<=4.0.0',
25 silly audit report       cwe: [Array],
25 silly audit report       cvss: [Object]
25 silly audit report     }
25 silly audit report   ],
25 silly audit report   'http-proxy-middleware': [
25 silly audit report     {
25 silly audit report       id: 1100223,
25 silly audit report       url: 'https://github.com/advisories/GHSA-c7qv-q95q-8v27',
25 silly audit report       title: 'Denial of service in http-proxy-middleware',
25 silly audit report       severity: 'high',
25 silly audit report       vulnerable_versions: '<2.0.7',
25 silly audit report       cwe: [Array],
25 silly audit report       cvss: [Object]
25 silly audit report     }
25 silly audit report   ],
25 silly audit report   ip: [
25 silly audit report     {
25 silly audit report       id: 1101851,
25 silly audit report       url: 'https://github.com/advisories/GHSA-2p57-rm9w-gvfp',
25 silly audit report       title: 'ip SSRF improper categorization in isPublic',
25 silly audit report       severity: 'high',
25 silly audit report       vulnerable_versions: '<=2.0.1',
25 silly audit report       cwe: [Array],
25 silly audit report       cvss: [Object]
25 silly audit report     }
25 silly audit report   ],
25 silly audit report   ws: [
25 silly audit report     {
25 silly audit report       id: 1118730,
25 silly audit report       url: 'https://github.com/advisories/GHSA-3h5v-q93c-6h6q',
25 silly audit report       title: 'ws affected by a DoS when handling a request with many HTTP headers',
25 silly audit report       severity: 'high',
25 silly audit report       vulnerable_versions: '>=6.0.0 <6.2.3',
25 silly audit report       cwe: [Array],
25 silly audit report       cvss: [Object]
25 silly audit report     },
25 silly audit report     {
25 silly audit report       id: 1118731,
25 silly audit report       url: 'https://github.com/advisories/GHSA-3h5v-q93c-6h6q',
25 silly audit report       title: 'ws affected by a DoS when handling a request with many HTTP headers',
25 silly audit report       severity: 'high',
25 silly audit report       vulnerable_versions: '>=2.1.0 <5.2.4',
25 silly audit report       cwe: [Array],
25 silly audit report       cvss: [Object]
25 silly audit report     }
25 silly audit report   ],
25 silly audit report   'js-yaml': [
25 silly audit report     {
25 silly audit report       id: 1112714,
25 silly audit report       url: 'https://github.com/advisories/GHSA-mh29-5h37-fv8m',
25 silly audit report       title: 'js-yaml has prototype pollution in merge (<<)',
25 silly audit report       severity: 'moderate',
25 silly audit report       vulnerable_versions: '<3.14.2',
25 silly audit report       cwe: [Array],
25 silly audit report       cvss: [Object]
25 silly audit report     }
25 silly audit report   ],
25 silly audit report   lodash: [
25 silly audit report     {
25 silly audit report       id: 1112455,
25 silly audit report       url: 'https://github.com/advisories/GHSA-xxjr-mmjv-4gpg',
25 silly audit report       title: 'Lodash has Prototype Pollution Vulnerability in `_.unset` and `_.omit` functions',
25 silly audit report       severity: 'moderate',
25 silly audit report       vulnerable_versions: '>=4.0.0 <=4.17.22',
25 silly audit report       cwe: [Array],
25 silly audit report       cvss: [Object]
25 silly audit report     },
25 silly audit report     {
25 silly audit report       id: 1115806,
25 silly audit report       url: 'https://github.com/advisories/GHSA-r5fr-rjxr-66jc',
25 silly audit report       title: 'lodash vulnerable to Code Injection via `_.template` imports key names',
25 silly audit report       severity: 'high',
25 silly audit report       vulnerable_versions: '>=4.0.0 <=4.17.23',
25 silly audit report       cwe: [Array],
25 silly audit report       cvss: [Object]
25 silly audit report     },
25 silly audit report     {
25 silly audit report       id: 1115810,
25 silly audit report       url: 'https://github.com/advisories/GHSA-f23m-r3pf-42rh',
25 silly audit report       title: 'lodash vulnerable to Prototype Pollution via array path bypass in `_.unset` and `_.omit`',
25 silly audit report       severity: 'moderate',
25 silly audit report       vulnerable_versions: '<=4.17.23',
25 silly audit report       cwe: [Array],
25 silly audit report       cvss: [Object]
25 silly audit report     }
25 silly audit report   ],
25 silly audit report   'lodash.template': [
25 silly audit report     {
25 silly audit report       id: 1106902,
25 silly audit report       url: 'https://github.com/advisories/GHSA-35jh-r3h4-6jhm',
25 silly audit report       title: 'Command Injection in lodash',
25 silly audit report       severity: 'high',
25 silly audit report       vulnerable_versions: '<=4.5.0',
25 silly audit report       cwe: [Array],
25 silly audit report       cvss: [Object]
25 silly audit report     },
25 silly audit report     {
25 silly audit report       id: 1115803,
25 silly audit report       url: 'https://github.com/advisories/GHSA-r5fr-rjxr-66jc',
25 silly audit report       title: 'lodash vulnerable to Code Injection via `_.template` imports key names',
25 silly audit report       severity: 'high',
25 silly audit report       vulnerable_versions: '>=4.0.0 <4.18.0',
25 silly audit report       cwe: [Array],
25 silly audit report       cvss: [Object]
25 silly audit report     }
25 silly audit report   ],
25 silly audit report   minimatch: [
25 silly audit report     {
25 silly audit report       id: 1113459,
25 silly audit report       url: 'https://github.com/advisories/GHSA-3ppc-4f35-3m26',
25 silly audit report       title: 'minimatch has a ReDoS via repeated wildcards with non-matching literal in pattern',
25 silly audit report       severity: 'high',
25 silly audit report       vulnerable_versions: '<3.1.3',
25 silly audit report       cwe: [Array],
25 silly audit report       cvss: [Object]
25 silly audit report     },
25 silly audit report     {
25 silly audit report       id: 1113538,
25 silly audit report       url: 'https://github.com/advisories/GHSA-7r86-cg39-jmmj',
25 silly audit report       title: 'minimatch has ReDoS: matchOne() combinatorial backtracking via multiple non-adjacent GLOBSTAR segments',
25 silly audit report       severity: 'high',
25 silly audit report       vulnerable_versions: '<3.1.3',
25 silly audit report       cwe: [Array],
25 silly audit report       cvss: [Object]
25 silly audit report     },
25 silly audit report     {
25 silly audit report       id: 1113546,
25 silly audit report       url: 'https://github.com/advisories/GHSA-23c5-xmqv-rm74',
25 silly audit report       title: 'minimatch ReDoS: nested *() extglobs generate catastrophically backtracking regular expressions',
25 silly audit report       severity: 'high',
25 silly audit report       vulnerable_versions: '<3.1.4',
25 silly audit report       cwe: [Array],
25 silly audit report       cvss: [Object]
25 silly audit report     },
25 silly audit report     {
25 silly audit report       id: 1096485,
25 silly audit report       url: 'https://github.com/advisories/GHSA-f8q6-p94x-37v3',
25 silly audit report       title: 'minimatch ReDoS vulnerability',
25 silly audit report       severity: 'high',
25 silly audit report       vulnerable_versions: '<3.0.5',
25 silly audit report       cwe: [Array],
25 silly audit report       cvss: [Object]
25 silly audit report     }
25 silly audit report   ],
25 silly audit report   'moment-timezone': [
25 silly audit report     {
25 silly audit report       id: 1088402,
25 silly audit report       url: 'https://github.com/advisories/GHSA-56x4-j7p9-fcf9',
25 silly audit report       title: 'Command Injection in moment-timezone',
25 silly audit report       severity: 'low',
25 silly audit report       vulnerable_versions: '>=0.1.0 <0.5.35',
25 silly audit report       cwe: [],
25 silly audit report       cvss: [Object]
25 silly audit report     },
25 silly audit report     {
25 silly audit report       id: 1088403,
25 silly audit report       url: 'https://github.com/advisories/GHSA-v78c-4p63-2j6c',
25 silly audit report       title: 'Cleartext Transmission of Sensitive Information in moment-timezone',
25 silly audit report       severity: 'moderate',
25 silly audit report       vulnerable_versions: '>=0.1.0 <0.5.35',
25 silly audit report       cwe: [Array],
25 silly audit report       cvss: [Object]
25 silly audit report     }
25 silly audit report   ],
25 silly audit report   'node-forge': [
25 silly audit report     {
25 silly audit report       id: 1102321,
25 silly audit report       url: 'https://github.com/advisories/GHSA-x4jg-mjrx-434g',
25 silly audit report       title: 'Improper Verification of Cryptographic Signature in node-forge',
25 silly audit report       severity: 'high',
25 silly audit report       vulnerable_versions: '<1.3.0',
25 silly audit report       cwe: [Array],
25 silly audit report       cvss: [Object]
25 silly audit report     },
25 silly audit report     {
25 silly audit report       id: 1102322,
25 silly audit report       url: 'https://github.com/advisories/GHSA-cfm4-qjh2-4765',
25 silly audit report       title: 'Improper Verification of Cryptographic Signature in node-forge',
25 silly audit report       severity: 'high',
25 silly audit report       vulnerable_versions: '<1.3.0',
25 silly audit report       cwe: [Array],
25 silly audit report       cvss: [Object]
25 silly audit report     },
25 silly audit report     {
25 silly audit report       id: 1110996,
25 silly audit report       url: 'https://github.com/advisories/GHSA-554w-wpv2-vw27',
25 silly audit report       title: 'node-forge has ASN.1 Unbounded Recursion',
25 silly audit report       severity: 'high',
25 silly audit report       vulnerable_versions: '<1.3.2',
25 silly audit report       cwe: [Array],
25 silly audit report       cvss: [Object]
25 silly audit report     },
25 silly audit report     {
25 silly audit report       id: 1110998,
25 silly audit report       url: 'https://github.com/advisories/GHSA-5gfm-wpxj-wjgq',
25 silly audit report       title: 'node-forge has an Interpretation Conflict vulnerability via its ASN.1 Validator Desynchronization',
25 silly audit report       severity: 'high',
25 silly audit report       vulnerable_versions: '<1.3.2',
25 silly audit report       cwe: [Array],
25 silly audit report       cvss: [Object]
25 silly audit report     },
25 silly audit report     {
25 silly audit report       id: 1111068,
25 silly audit report       url: 'https://github.com/advisories/GHSA-65ch-62r8-g69g',
25 silly audit report       title: 'node-forge is vulnerable to ASN.1 OID Integer Truncation',
25 silly audit report       severity: 'moderate',
25 silly audit report       vulnerable_versions: '<1.3.2',
25 silly audit report       cwe: [Array],
25 silly audit report       cvss: [Object]
25 silly audit report     },
25 silly audit report     {
25 silly audit report       id: 1088227,
25 silly audit report       url: 'https://github.com/advisories/GHSA-5rrq-pxf6-6jx5',
25 silly audit report       title: 'Prototype Pollution in node-forge debug API.',
25 silly audit report       severity: 'low',
25 silly audit report       vulnerable_versions: '<1.0.0',
25 silly audit report       cwe: [Array],
25 silly audit report       cvss: [Object]
25 silly audit report     },
25 silly audit report     {
25 silly audit report       id: 1088229,
25 silly audit report       url: 'https://github.com/advisories/GHSA-gf8q-jrpm-jvxq',
25 silly audit report       title: 'URL parsing in node-forge could lead to undesired behavior.',
25 silly audit report       severity: 'low',
25 silly audit report       vulnerable_versions: '<1.0.0',
25 silly audit report       cwe: [Array],
25 silly audit report       cvss: [Object]
25 silly audit report     },
25 silly audit report     {
25 silly audit report       id: 1115545,
25 silly audit report       url: 'https://github.com/advisories/GHSA-2328-f5f3-gj25',
25 silly audit report       title: 'Forge has a basicConstraints bypass in its certificate chain verification (RFC 5280 violation)',
25 silly audit report       severity: 'high',
25 silly audit report       vulnerable_versions: '<=1.3.3',
25 silly audit report       cwe: [Array],
25 silly audit report       cvss: [Object]
25 silly audit report     },
25 silly audit report     {
25 silly audit report       id: 1115546,
25 silly audit report       url: 'https://github.com/advisories/GHSA-q67f-28xg-22rw',
25 silly audit report       title: 'Forge has signature forgery in Ed25519 due to missing S > L check',
25 silly audit report       severity: 'high',
25 silly audit report       vulnerable_versions: '<1.4.0',
25 silly audit report       cwe: [Array],
25 silly audit report       cvss: [Object]
25 silly audit report     },
25 silly audit report     {
25 silly audit report       id: 1115548,
25 silly audit report       url: 'https://github.com/advisories/GHSA-5m6q-g25r-mvwx',
25 silly audit report       title: 'Forge has Denial of Service via Infinite Loop in BigInteger.modInverse() with Zero Input',
25 silly audit report       severity: 'high',
25 silly audit report       vulnerable_versions: '<1.4.0',
25 silly audit report       cwe: [Array],
25 silly audit report       cvss: [Object]
25 silly audit report     },
25 silly audit report     {
25 silly audit report       id: 1115612,
25 silly audit report       url: 'https://github.com/advisories/GHSA-ppp5-5v6c-4jwp',
25 silly audit report       title: 'Forge has signature forgery in RSA-PKCS due to ASN.1 extra field  ',
25 silly audit report       severity: 'high',
25 silly audit report       vulnerable_versions: '<1.4.0',
25 silly audit report       cwe: [Array],
25 silly audit report       cvss: [Object]
25 silly audit report     },
25 silly audit report     {
25 silly audit report       id: 1093719,
25 silly audit report       url: 'https://github.com/advisories/GHSA-8fr3-hfg3-gpgp',
25 silly audit report       title: 'Open Redirect in node-forge',
25 silly audit report       severity: 'moderate',
25 silly audit report       vulnerable_versions: '<1.0.0',
25 silly audit report       cwe: [Array],
25 silly audit report       cvss: [Object]
25 silly audit report     },
25 silly audit report     {
25 silly audit report       id: 1088746,
25 silly audit report       url: 'https://github.com/advisories/GHSA-2r2c-g63r-vccr',
25 silly audit report       title: 'Improper Verification of Cryptographic Signature in `node-forge`',
25 silly audit report       severity: 'moderate',
25 silly audit report       vulnerable_versions: '<1.3.0',
25 silly audit report       cwe: [Array],
25 silly audit report       cvss: [Object]
25 silly audit report     }
25 silly audit report   ],
25 silly audit report   'node-notifier': [
25 silly audit report     {
25 silly audit report       id: 1086436,
25 silly audit report       url: 'https://github.com/advisories/GHSA-5fw9-fq32-wv5p',
25 silly audit report       title: 'OS Command Injection in node-notifier',
25 silly audit report       severity: 'moderate',
25 silly audit report       vulnerable_versions: '<8.0.1',
25 silly audit report       cwe: [Array],
25 silly audit report       cvss: [Object]
25 silly audit report     }
25 silly audit report   ],
25 silly audit report   'nth-check': [
25 silly audit report     {
25 silly audit report       id: 1095141,
25 silly audit report       url: 'https://github.com/advisories/GHSA-rp65-9cf3-cjxr',
25 silly audit report       title: 'Inefficient Regular Expression Complexity in nth-check',
25 silly audit report       severity: 'high',
25 silly audit report       vulnerable_versions: '<2.0.1',
25 silly audit report       cwe: [Array],
25 silly audit report       cvss: [Object]
25 silly audit report     }
25 silly audit report   ],
25 silly audit report   'object-path': [
25 silly audit report     {
25 silly audit report       id: 1093573,
25 silly audit report       url: 'https://github.com/advisories/GHSA-v39p-96qg-c8rf',
25 silly audit report       title: 'Prototype Pollution in object-path',
25 silly audit report       severity: 'moderate',
25 silly audit report       vulnerable_versions: '<0.11.6',
25 silly audit report       cwe: [Array],
25 silly audit report       cvss: [Object]
25 silly audit report     },
25 silly audit report     {
25 silly audit report       id: 1095139,
25 silly audit report       url: 'https://github.com/advisories/GHSA-cwx2-736x-mf6w',
25 silly audit report       title: 'Prototype pollution in object-path',
25 silly audit report       severity: 'high',
25 silly audit report       vulnerable_versions: '<0.11.5',
25 silly audit report       cwe: [Array],
25 silly audit report       cvss: [Object]
25 silly audit report     },
25 silly audit report     {
25 silly audit report       id: 1095140,
25 silly audit report       url: 'https://github.com/advisories/GHSA-8v63-cqqc-6r2c',
25 silly audit report       title: 'Prototype Pollution in object-path',
25 silly audit report       severity: 'high',
25 silly audit report       vulnerable_versions: '<0.11.8',
25 silly audit report       cwe: [Array],
25 silly audit report       cvss: [Object]
25 silly audit report     }
25 silly audit report   ],
25 silly audit report   'on-headers': [
25 silly audit report     {
25 silly audit report       id: 1106812,
25 silly audit report       url: 'https://github.com/advisories/GHSA-76c9-3jph-rj3q',
25 silly audit report       title: 'on-headers is vulnerable to http response header manipulation',
25 silly audit report       severity: 'low',
25 silly audit report       vulnerable_versions: '<1.1.0',
25 silly audit report       cwe: [Array],
25 silly audit report       cvss: [Object]
25 silly audit report     }
25 silly audit report   ],
25 silly audit report   pbkdf2: [
25 silly audit report     {
25 silly audit report       id: 1105692,
25 silly audit report       url: 'https://github.com/advisories/GHSA-h7cp-r72f-jxh6',
25 silly audit report       title: 'pbkdf2 returns predictable uninitialized/zero-filled memory for non-normalized or unimplemented algos',
25 silly audit report       severity: 'critical',
25 silly audit report       vulnerable_versions: '>=3.0.10 <=3.1.2',
25 silly audit report       cwe: [Array],
25 silly audit report       cvss: [Object]
25 silly audit report     },
25 silly audit report     {
25 silly audit report       id: 1113204,
25 silly audit report       url: 'https://github.com/advisories/GHSA-v62p-rq8g-8h59',
25 silly audit report       title: 'pbkdf2 silently disregards Uint8Array input, returning static keys',
25 silly audit report       severity: 'critical',
25 silly audit report       vulnerable_versions: '>=1.0.0 <=3.1.2',
25 silly audit report       cwe: [Array],
25 silly audit report       cvss: [Object]
25 silly audit report     }
25 silly audit report   ],
25 silly audit report   'pdfjs-dist': [
25 silly audit report     {
25 silly audit report       id: 1118732,
25 silly audit report       url: 'https://github.com/advisories/GHSA-wgrm-67xf-hhpq',
25 silly audit report       title: 'PDF.js vulnerable to arbitrary JavaScript execution upon opening a malicious PDF',
25 silly audit report       severity: 'high',
25 silly audit report       vulnerable_versions: '<=4.1.392',
25 silly audit report       cwe: [Array],
25 silly audit report       cvss: [Object]
25 silly audit report     }
25 silly audit report   ],
25 silly audit report   picomatch: [
25 silly audit report     {
25 silly audit report       id: 1115549,
25 silly audit report       url: 'https://github.com/advisories/GHSA-3v7f-55p6-f55p',
25 silly audit report       title: 'Picomatch: Method Injection in POSIX Character Classes causes incorrect Glob Matching',
25 silly audit report       severity: 'moderate',
25 silly audit report       vulnerable_versions: '<2.3.2',
25 silly audit report       cwe: [Array],
25 silly audit report       cvss: [Object]
25 silly audit report     },
25 silly audit report     {
25 silly audit report       id: 1115552,
25 silly audit report       url: 'https://github.com/advisories/GHSA-c2c7-rcm5-vvqj',
25 silly audit report       title: 'Picomatch has a ReDoS vulnerability via extglob quantifiers',
25 silly audit report       severity: 'high',
25 silly audit report       vulnerable_versions: '<2.3.2',
25 silly audit report       cwe: [Array],
25 silly audit report       cvss: [Object]
25 silly audit report     }
25 silly audit report   ],
25 silly audit report   postcss: [
25 silly audit report     {
25 silly audit report       id: 1109574,
25 silly audit report       url: 'https://github.com/advisories/GHSA-7fh5-64p2-3v2j',
25 silly audit report       title: 'PostCSS line return parsing error',
25 silly audit report       severity: 'moderate',
25 silly audit report       vulnerable_versions: '<8.4.31',
25 silly audit report       cwe: [Array],
25 silly audit report       cvss: [Object]
25 silly audit report     },
25 silly audit report     {
25 silly audit report       id: 1093539,
25 silly audit report       url: 'https://github.com/advisories/GHSA-566m-qj78-rww5',
25 silly audit report       title: 'Regular Expression Denial of Service in postcss',
25 silly audit report       severity: 'moderate',
25 silly audit report       vulnerable_versions: '<7.0.36',
25 silly audit report       cwe: [Array],
25 silly audit report       cvss: [Object]
25 silly audit report     },
25 silly audit report     {
25 silly audit report       id: 1089729,
25 silly audit report       url: 'https://github.com/advisories/GHSA-hwj9-h5mp-3pm3',
25 silly audit report       title: 'Regular Expression Denial of Service in postcss',
25 silly audit report       severity: 'moderate',
25 silly audit report       vulnerable_versions: '>=7.0.0 <7.0.36',
25 silly audit report       cwe: [Array],
25 silly audit report       cvss: [Object]
25 silly audit report     },
25 silly audit report     {
25 silly audit report       id: 1117015,
25 silly audit report       url: 'https://github.com/advisories/GHSA-qx2v-qp2m-jg93',
25 silly audit report       title: 'PostCSS has XSS via Unescaped </style> in its CSS Stringify Output',
25 silly audit report       severity: 'moderate',
25 silly audit report       vulnerable_versions: '<8.5.10',
25 silly audit report       cwe: [Array],
25 silly audit report       cvss: [Object]
25 silly audit report     }
25 silly audit report   ],
25 silly audit report   'react-dev-utils': [
25 silly audit report     {
25 silly audit report       id: 1089062,
25 silly audit report       url: 'https://github.com/advisories/GHSA-5q6m-3h65-w53x',
25 silly audit report       title: 'react-dev-utils OS Command Injection in function `getProcessForPort`',
25 silly audit report       severity: 'moderate',
25 silly audit report       vulnerable_versions: '>=0.4.0 <11.0.4',
25 silly audit report       cwe: [Array],
25 silly audit report       cvss: [Object]
25 silly audit report     }
25 silly audit report   ],
25 silly audit report   'react-pdf': [
25 silly audit report     {
25 silly audit report       id: 1097261,
25 silly audit report       url: 'https://github.com/advisories/GHSA-87hq-q4gp-9wr4',
25 silly audit report       title: 'react-pdf vulnerable to arbitrary JavaScript execution upon opening a malicious PDF with PDF.js',
25 silly audit report       severity: 'high',
25 silly audit report       vulnerable_versions: '<7.7.3',
25 silly audit report       cwe: [Array],
25 silly audit report       cvss: [Object]
25 silly audit report     }
25 silly audit report   ],
25 silly audit report   request: [
25 silly audit report     {
25 silly audit report       id: 1096727,
25 silly audit report       url: 'https://github.com/advisories/GHSA-p8p7-x288-28g6',
25 silly audit report       title: 'Server-Side Request Forgery in Request',
25 silly audit report       severity: 'moderate',
25 silly audit report       vulnerable_versions: '<=2.88.2',
25 silly audit report       cwe: [Array],
25 silly audit report       cvss: [Object]
25 silly audit report     }
25 silly audit report   ],
25 silly audit report   send: [
25 silly audit report     {
25 silly audit report       id: 1109556,
25 silly audit report       url: 'https://github.com/advisories/GHSA-m6fv-jmcg-4jfg',
25 silly audit report       title: 'send vulnerable to template injection that can lead to XSS',
25 silly audit report       severity: 'low',
25 silly audit report       vulnerable_versions: '<0.19.0',
25 silly audit report       cwe: [Array],
25 silly audit report       cvss: [Object]
25 silly audit report     }
25 silly audit report   ],
25 silly audit report   'serialize-javascript': [
25 silly audit report     {
25 silly audit report       id: 1113686,
25 silly audit report       url: 'https://github.com/advisories/GHSA-5c6j-r48x-rmvq',
25 silly audit report       title: 'Serialize JavaScript is Vulnerable to RCE via RegExp.flags and Date.prototype.toISOString()',
25 silly audit report       severity: 'high',
25 silly audit report       vulnerable_versions: '<=7.0.2',
25 silly audit report       cwe: [Array],
25 silly audit report       cvss: [Object]
25 silly audit report     },
25 silly audit report     {
25 silly audit report       id: 1087544,
25 silly audit report       url: 'https://github.com/advisories/GHSA-h9rv-jmmf-4pgx',
25 silly audit report       title: 'Cross-Site Scripting in serialize-javascript',
25 silly audit report       severity: 'moderate',
25 silly audit report       vulnerable_versions: '<2.1.1',
25 silly audit report       cwe: [Array],
25 silly audit report       cvss: [Object]
25 silly audit report     },
25 silly audit report     {
25 silly audit report       id: 1095131,
25 silly audit report       url: 'https://github.com/advisories/GHSA-hxcc-f52p-wc94',
25 silly audit report       title: 'Insecure serialization leading to RCE in serialize-javascript',
25 silly audit report       severity: 'high',
25 silly audit report       vulnerable_versions: '<3.1.0',
25 silly audit report       cwe: [Array],
25 silly audit report       cvss: [Object]
25 silly audit report     }
25 silly audit report   ],
25 silly audit report   'serve-static': [
25 silly audit report     {
25 silly audit report       id: 1100528,
25 silly audit report       url: 'https://github.com/advisories/GHSA-cm22-4g7w-348p',
25 silly audit report       title: 'serve-static vulnerable to template injection that can lead to XSS',
25 silly audit report       severity: 'low',
25 silly audit report       vulnerable_versions: '<1.16.0',
25 silly audit report       cwe: [Array],
25 silly audit report       cvss: [Object]
25 silly audit report     }
25 silly audit report   ],
25 silly audit report   'sha.js': [
25 silly audit report     {
25 silly audit report       id: 1109535,
25 silly audit report       url: 'https://github.com/advisories/GHSA-95m3-7q98-8xr5',
25 silly audit report       title: 'sha.js is missing type checks leading to hash rewind and passing on crafted data',
25 silly audit report       severity: 'critical',
25 silly audit report       vulnerable_versions: '<=2.4.11',
25 silly audit report       cwe: [Array],
25 silly audit report       cvss: [Object]
25 silly audit report     }
25 silly audit report   ],
25 silly audit report   'shell-quote': [
25 silly audit report     {
25 silly audit report       id: 1107366,
25 silly audit report       url: 'https://github.com/advisories/GHSA-g4rg-993r-mgx7',
25 silly audit report       title: 'Improper Neutralization of Special Elements used in a Command in Shell-quote',
25 silly audit report       severity: 'critical',
25 silly audit report       vulnerable_versions: '>=1.6.3 <=1.7.2',
25 silly audit report       cwe: [Array],
25 silly audit report       cvss: [Object]
25 silly audit report     }
25 silly audit report   ],
25 silly audit report   sockjs: [
25 silly audit report     {
25 silly audit report       id: 1089877,
25 silly audit report       url: 'https://github.com/advisories/GHSA-c9g6-9335-x697',
25 silly audit report       title: 'Improper Input Validation in SocksJS-Node',
25 silly audit report       severity: 'moderate',
25 silly audit report       vulnerable_versions: '<0.3.20',
25 silly audit report       cwe: [Array],
25 silly audit report       cvss: [Object]
25 silly audit report     }
25 silly audit report   ],
25 silly audit report   tmp: [
25 silly audit report     {
25 silly audit report       id: 1109537,
25 silly audit report       url: 'https://github.com/advisories/GHSA-52f5-9888-hmc6',
25 silly audit report       title: 'tmp allows arbitrary temporary file / directory write via symbolic link `dir` parameter',
25 silly audit report       severity: 'low',
25 silly audit report       vulnerable_versions: '<=0.2.3',
25 silly audit report       cwe: [Array],
25 silly audit report       cvss: [Object]
25 silly audit report     },
25 silly audit report     {
25 silly audit report       id: 1119610,
25 silly audit report       url: 'https://github.com/advisories/GHSA-ph9p-34f9-6g65',
25 silly audit report       title: 'tmp has Path Traversal via unsanitized prefix/postfix that enables directory escape',
25 silly audit report       severity: 'high',
25 silly audit report       vulnerable_versions: '<0.2.6',
25 silly audit report       cwe: [Array],
25 silly audit report       cvss: [Object]
25 silly audit report     }
25 silly audit report   ],
25 silly audit report   'tough-cookie': [
25 silly audit report     {
25 silly audit report       id: 1097682,
25 silly audit report       url: 'https://github.com/advisories/GHSA-72xf-g2v4-qvf3',
25 silly audit report       title: 'tough-cookie Prototype Pollution vulnerability',
25 silly audit report       severity: 'moderate',
25 silly audit report       vulnerable_versions: '<4.1.3',
25 silly audit report       cwe: [Array],
25 silly audit report       cvss: [Object]
25 silly audit report     }
25 silly audit report   ],
25 silly audit report   uuid: [
25 silly audit report     {
25 silly audit report       id: 1119441,
25 silly audit report       url: 'https://github.com/advisories/GHSA-w5hq-g745-h8pq',
25 silly audit report       title: 'uuid: Missing buffer bounds check in v3/v5/v6 when buf is provided',
25 silly audit report       severity: 'moderate',
25 silly audit report       vulnerable_versions: '<11.1.1',
25 silly audit report       cwe: [Array],
25 silly audit report       cvss: [Object]
25 silly audit report     }
25 silly audit report   ],
25 silly audit report   'webpack-dev-middleware': [
25 silly audit report     {
25 silly audit report       id: 1096729,
25 silly audit report       url: 'https://github.com/advisories/GHSA-wr3j-pwj9-hqq6',
25 silly audit report       title: 'Path traversal in webpack-dev-middleware',
25 silly audit report       severity: 'high',
25 silly audit report       vulnerable_versions: '<=5.3.3',
25 silly audit report       cwe: [Array],
25 silly audit report       cvss: [Object]
25 silly audit report     }
25 silly audit report   ],
25 silly audit report   'webpack-dev-server': [
25 silly audit report     {
25 silly audit report       id: 1108429,
25 silly audit report       url: 'https://github.com/advisories/GHSA-9jgg-88mc-972h',
25 silly audit report       title: "webpack-dev-server users' source code may be stolen when they access a malicious web site with non-Chromium based browser",
25 silly audit report       severity: 'moderate',
25 silly audit report       vulnerable_versions: '<=5.2.0',
25 silly audit report       cwe: [Array],
25 silly audit report       cvss: [Object]
25 silly audit report     },
25 silly audit report     {
25 silly audit report       id: 1108430,
25 silly audit report       url: 'https://github.com/advisories/GHSA-4v9v-hfq4-rm2v',
25 silly audit report       title: "webpack-dev-server users' source code may be stolen when they access a malicious web site",
25 silly audit report       severity: 'moderate',
25 silly audit report       vulnerable_versions: '<=5.2.0',
25 silly audit report       cwe: [Array],
25 silly audit report       cvss: [Object]
25 silly audit report     },
25 silly audit report     {
25 silly audit report       id: 1119074,
25 silly audit report       url: 'https://github.com/advisories/GHSA-79cf-xcqc-c78w',
25 silly audit report       title: 'webpack-dev-server vulnerable to cross-origin source code exposure on non-HTTPS origins',
25 silly audit report       severity: 'moderate',
25 silly audit report       vulnerable_versions: '<=5.2.3',
25 silly audit report       cwe: [Array],
25 silly audit report       cvss: [Object]
25 silly audit report     }
25 silly audit report   ],
25 silly audit report   'yargs-parser': [
25 silly audit report     {
25 silly audit report       id: 1088811,
25 silly audit report       url: 'https://github.com/advisories/GHSA-p9pc-299p-vxgp',
25 silly audit report       title: 'yargs-parser Vulnerable to Prototype Pollution',
25 silly audit report       severity: 'moderate',
25 silly audit report       vulnerable_versions: '>=6.0.0 <13.1.2',
25 silly audit report       cwe: [Array],
25 silly audit report       cvss: [Object]
25 silly audit report     }
25 silly audit report   ],
25 silly audit report   yaml: [
25 silly audit report     {
25 silly audit report       id: 1115555,
25 silly audit report       url: 'https://github.com/advisories/GHSA-48c2-rrv3-qjmp',
25 silly audit report       title: 'yaml is vulnerable to Stack Overflow via deeply nested YAML collections',
25 silly audit report       severity: 'moderate',
25 silly audit report       vulnerable_versions: '>=1.0.0 <1.10.3',
25 silly audit report       cwe: [Array],
25 silly audit report       cvss: [Object]
25 silly audit report     }
25 silly audit report   ]
25 silly audit report }
26 silly packumentCache corgi:https://registry.npmjs.org/semver cache-miss
27 silly packumentCache corgi:https://registry.npmjs.org/@babel%2fhelpers cache-miss
28 silly packumentCache corgi:https://registry.npmjs.org/@babel%2fplugin-transform-modules-systemjs cache-miss
29 silly packumentCache corgi:https://registry.npmjs.org/@babel%2fruntime cache-miss
30 silly packumentCache corgi:https://registry.npmjs.org/braces cache-miss
31 silly packumentCache corgi:https://registry.npmjs.org/micromatch cache-miss
32 silly packumentCache corgi:https://registry.npmjs.org/loader-utils cache-miss
33 silly packumentCache corgi:https://registry.npmjs.org/ajv cache-miss
34 silly packumentCache corgi:https://registry.npmjs.org/ansi-html cache-miss
35 silly packumentCache corgi:https://registry.npmjs.org/bn.js cache-miss
36 silly packumentCache corgi:https://registry.npmjs.org/body-parser cache-miss
37 silly packumentCache corgi:https://registry.npmjs.org/qs cache-miss
38 silly packumentCache corgi:https://registry.npmjs.org/brace-expansion cache-miss
39 silly packumentCache corgi:https://registry.npmjs.org/browserslist cache-miss
40 silly packumentCache corgi:https://registry.npmjs.org/cipher-base cache-miss
41 silly packumentCache corgi:https://registry.npmjs.org/cookie cache-miss
42 silly packumentCache corgi:https://registry.npmjs.org/cross-spawn cache-miss
43 silly packumentCache corgi:https://registry.npmjs.org/elliptic cache-miss
44 silly packumentCache corgi:https://registry.npmjs.org/express cache-miss
45 silly packumentCache corgi:https://registry.npmjs.org/path-to-regexp cache-miss
46 silly packumentCache corgi:https://registry.npmjs.org/flatted cache-miss
47 silly packumentCache corgi:https://registry.npmjs.org/follow-redirects cache-miss
48 silly packumentCache corgi:https://registry.npmjs.org/form-data cache-miss
49 silly packumentCache corgi:https://registry.npmjs.org/gh-pages cache-miss
50 silly packumentCache corgi:https://registry.npmjs.org/html-minifier cache-miss
51 silly packumentCache corgi:https://registry.npmjs.org/http-proxy-middleware cache-miss
52 silly packumentCache corgi:https://registry.npmjs.org/ip cache-miss
53 silly packumentCache corgi:https://registry.npmjs.org/ws cache-miss
54 silly packumentCache corgi:https://registry.npmjs.org/js-yaml cache-miss
55 silly packumentCache corgi:https://registry.npmjs.org/lodash cache-miss
56 silly packumentCache corgi:https://registry.npmjs.org/lodash.template cache-miss
57 silly packumentCache corgi:https://registry.npmjs.org/minimatch cache-miss
58 silly packumentCache corgi:https://registry.npmjs.org/moment-timezone cache-miss
59 silly packumentCache corgi:https://registry.npmjs.org/node-forge cache-miss
60 silly packumentCache corgi:https://registry.npmjs.org/node-notifier cache-miss
61 silly packumentCache corgi:https://registry.npmjs.org/nth-check cache-miss
62 silly packumentCache corgi:https://registry.npmjs.org/object-path cache-miss
63 silly packumentCache corgi:https://registry.npmjs.org/on-headers cache-miss
64 silly packumentCache corgi:https://registry.npmjs.org/pbkdf2 cache-miss
65 silly packumentCache corgi:https://registry.npmjs.org/pdfjs-dist cache-miss
66 silly packumentCache corgi:https://registry.npmjs.org/picomatch cache-miss
67 silly packumentCache corgi:https://registry.npmjs.org/postcss cache-miss
68 silly packumentCache corgi:https://registry.npmjs.org/react-dev-utils cache-miss
69 silly packumentCache corgi:https://registry.npmjs.org/react-pdf cache-miss
70 silly packumentCache corgi:https://registry.npmjs.org/request cache-miss
71 silly packumentCache corgi:https://registry.npmjs.org/send cache-miss
72 silly packumentCache corgi:https://registry.npmjs.org/serialize-javascript cache-miss
73 silly packumentCache corgi:https://registry.npmjs.org/serve-static cache-miss
74 silly packumentCache corgi:https://registry.npmjs.org/sha.js cache-miss
75 silly packumentCache corgi:https://registry.npmjs.org/shell-quote cache-miss
76 silly packumentCache corgi:https://registry.npmjs.org/sockjs cache-miss
77 silly packumentCache corgi:https://registry.npmjs.org/tmp cache-miss
78 silly packumentCache corgi:https://registry.npmjs.org/tough-cookie cache-miss
79 silly packumentCache corgi:https://registry.npmjs.org/uuid cache-miss
80 silly packumentCache corgi:https://registry.npmjs.org/webpack-dev-middleware cache-miss
81 silly packumentCache corgi:https://registry.npmjs.org/webpack-dev-server cache-miss
82 silly packumentCache corgi:https://registry.npmjs.org/yargs-parser cache-miss
83 silly packumentCache corgi:https://registry.npmjs.org/yaml cache-miss
84 http cache https://registry.npmjs.org/semver 73ms (cache hit)
85 silly packumentCache corgi:https://registry.npmjs.org/semver set size:99773 disposed:false
86 http cache https://registry.npmjs.org/@babel%2fruntime 73ms (cache hit)
87 silly packumentCache corgi:https://registry.npmjs.org/@babel%2fruntime set size:224706 disposed:false
88 http cache https://registry.npmjs.org/body-parser 79ms (cache hit)
89 silly packumentCache corgi:https://registry.npmjs.org/body-parser set size:78944 disposed:false
90 http cache https://registry.npmjs.org/@babel%2fplugin-transform-modules-systemjs 83ms (cache hit)
91 silly packumentCache corgi:https://registry.npmjs.org/@babel%2fplugin-transform-modules-systemjs set size:169358 disposed:false
92 http cache https://registry.npmjs.org/ansi-html 82ms (cache hit)
93 silly packumentCache corgi:https://registry.npmjs.org/ansi-html set size:7543 disposed:false
94 http cache https://registry.npmjs.org/loader-utils 83ms (cache hit)
95 silly packumentCache corgi:https://registry.npmjs.org/loader-utils set size:46537 disposed:false
96 http cache https://registry.npmjs.org/qs 83ms (cache hit)
97 silly packumentCache corgi:https://registry.npmjs.org/qs set size:146581 disposed:false
98 http cache https://registry.npmjs.org/brace-expansion 86ms (cache hit)
99 silly packumentCache corgi:https://registry.npmjs.org/brace-expansion set size:24623 disposed:false
100 http cache https://registry.npmjs.org/ajv 89ms (cache hit)
101 silly packumentCache corgi:https://registry.npmjs.org/ajv set size:467559 disposed:false
102 http cache https://registry.npmjs.org/bn.js 93ms (cache hit)
103 silly packumentCache corgi:https://registry.npmjs.org/bn.js set size:73843 disposed:false
104 http cache https://registry.npmjs.org/cross-spawn 93ms (cache hit)
105 silly packumentCache corgi:https://registry.npmjs.org/cross-spawn set size:44626 disposed:false
106 http cache https://registry.npmjs.org/express 93ms (cache hit)
107 silly packumentCache corgi:https://registry.npmjs.org/express set size:339376 disposed:false
108 http cache https://registry.npmjs.org/cookie 96ms (cache hit)
109 silly packumentCache corgi:https://registry.npmjs.org/cookie set size:23677 disposed:false
110 http cache https://registry.npmjs.org/browserslist 96ms (cache hit)
111 silly packumentCache corgi:https://registry.npmjs.org/browserslist set size:270078 disposed:false
112 http cache https://registry.npmjs.org/follow-redirects 96ms (cache hit)
113 silly packumentCache corgi:https://registry.npmjs.org/follow-redirects set size:88479 disposed:false
114 http cache https://registry.npmjs.org/@babel%2fhelpers 102ms (cache hit)
115 silly packumentCache corgi:https://registry.npmjs.org/@babel%2fhelpers set size:211202 disposed:false
116 http cache https://registry.npmjs.org/html-minifier 98ms (cache hit)
117 silly packumentCache corgi:https://registry.npmjs.org/html-minifier set size:78247 disposed:false
118 http cache https://registry.npmjs.org/ip 98ms (cache hit)
119 silly packumentCache corgi:https://registry.npmjs.org/ip set size:17316 disposed:false
120 http cache https://registry.npmjs.org/cipher-base 100ms (cache hit)
121 silly packumentCache corgi:https://registry.npmjs.org/cipher-base set size:5453 disposed:false
122 http cache https://registry.npmjs.org/lodash.template 98ms (cache hit)
123 silly packumentCache corgi:https://registry.npmjs.org/lodash.template set size:29696 disposed:false
124 http cache https://registry.npmjs.org/form-data 99ms (cache hit)
125 silly packumentCache corgi:https://registry.npmjs.org/form-data set size:51426 disposed:false
126 http cache https://registry.npmjs.org/node-forge 99ms (cache hit)
127 silly packumentCache corgi:https://registry.npmjs.org/node-forge set size:106633 disposed:false
128 http cache https://registry.npmjs.org/ws 105ms (cache hit)
129 silly packumentCache corgi:https://registry.npmjs.org/ws set size:199711 disposed:false
130 http cache https://registry.npmjs.org/http-proxy-middleware 108ms (cache hit)
131 silly packumentCache corgi:https://registry.npmjs.org/http-proxy-middleware set size:164166 disposed:false
132 http cache https://registry.npmjs.org/braces 113ms (cache hit)
133 silly packumentCache corgi:https://registry.npmjs.org/braces set size:35919 disposed:false
134 http cache https://registry.npmjs.org/nth-check 108ms (cache hit)
135 silly packumentCache corgi:https://registry.npmjs.org/nth-check set size:12198 disposed:false
136 http cache https://registry.npmjs.org/moment-timezone 109ms (cache hit)
137 silly packumentCache corgi:https://registry.npmjs.org/moment-timezone set size:77112 disposed:false
138 http cache https://registry.npmjs.org/js-yaml 109ms (cache hit)
139 silly packumentCache corgi:https://registry.npmjs.org/js-yaml set size:59520 disposed:false
140 http cache https://registry.npmjs.org/gh-pages 111ms (cache hit)
141 silly packumentCache corgi:https://registry.npmjs.org/gh-pages set size:42989 disposed:false
142 http cache https://registry.npmjs.org/picomatch 109ms (cache hit)
143 silly packumentCache corgi:https://registry.npmjs.org/picomatch set size:44414 disposed:false
144 http cache https://registry.npmjs.org/object-path 110ms (cache hit)
145 silly packumentCache corgi:https://registry.npmjs.org/object-path set size:21142 disposed:false
146 http cache https://registry.npmjs.org/pbkdf2 110ms (cache hit)
147 silly packumentCache corgi:https://registry.npmjs.org/pbkdf2 set size:22640 disposed:false
148 http cache https://registry.npmjs.org/react-pdf 109ms (cache hit)
149 silly packumentCache corgi:https://registry.npmjs.org/react-pdf set size:251536 disposed:false
150 http cache https://registry.npmjs.org/request 111ms (cache hit)
151 silly packumentCache corgi:https://registry.npmjs.org/request set size:129997 disposed:false
152 http cache https://registry.npmjs.org/serve-static 112ms (cache hit)
153 silly packumentCache corgi:https://registry.npmjs.org/serve-static set size:58234 disposed:false
154 http cache https://registry.npmjs.org/postcss 113ms (cache hit)
155 silly packumentCache corgi:https://registry.npmjs.org/postcss set size:344717 disposed:false
156 http cache https://registry.npmjs.org/shell-quote 115ms (cache hit)
157 silly packumentCache corgi:https://registry.npmjs.org/shell-quote set size:27390 disposed:false
158 http cache https://registry.npmjs.org/sha.js 115ms (cache hit)
159 silly packumentCache corgi:https://registry.npmjs.org/sha.js set size:24451 disposed:false
160 http cache https://registry.npmjs.org/tough-cookie 116ms (cache hit)
161 silly packumentCache corgi:https://registry.npmjs.org/tough-cookie set size:56308 disposed:false
162 http cache https://registry.npmjs.org/pdfjs-dist 118ms (cache hit)
163 silly packumentCache corgi:https://registry.npmjs.org/pdfjs-dist set size:839393 disposed:false
164 http cache https://registry.npmjs.org/webpack-dev-middleware 124ms (cache hit)
165 silly packumentCache corgi:https://registry.npmjs.org/webpack-dev-middleware set size:177615 disposed:false
166 http cache https://registry.npmjs.org/uuid 127ms (cache hit)
167 silly packumentCache corgi:https://registry.npmjs.org/uuid set size:81812 disposed:false
168 http cache https://registry.npmjs.org/tmp 130ms (cache hit)
169 silly packumentCache corgi:https://registry.npmjs.org/tmp set size:25283 disposed:false
170 http cache https://registry.npmjs.org/webpack-dev-server 130ms (cache hit)
171 silly packumentCache corgi:https://registry.npmjs.org/webpack-dev-server set size:461568 disposed:false
172 http cache https://registry.npmjs.org/sockjs 135ms (cache hit)
173 silly packumentCache corgi:https://registry.npmjs.org/sockjs set size:25891 disposed:false
174 http cache https://registry.npmjs.org/node-notifier 136ms (cache hit)
175 silly packumentCache corgi:https://registry.npmjs.org/node-notifier set size:73270 disposed:false
176 http cache https://registry.npmjs.org/lodash 138ms (cache hit)
177 silly packumentCache corgi:https://registry.npmjs.org/lodash set size:69555 disposed:false
178 http cache https://registry.npmjs.org/on-headers 138ms (cache hit)
179 silly packumentCache corgi:https://registry.npmjs.org/on-headers set size:4386 disposed:false
180 http cache https://registry.npmjs.org/send 137ms (cache hit)
181 silly packumentCache corgi:https://registry.npmjs.org/send set size:63171 disposed:false
182 http cache https://registry.npmjs.org/react-dev-utils 139ms (cache hit)
183 silly packumentCache corgi:https://registry.npmjs.org/react-dev-utils set size:182128 disposed:false
184 http cache https://registry.npmjs.org/micromatch 145ms (cache hit)
185 silly packumentCache corgi:https://registry.npmjs.org/micromatch set size:71776 disposed:false
186 http cache https://registry.npmjs.org/yaml 137ms (cache hit)
187 silly packumentCache corgi:https://registry.npmjs.org/yaml set size:163878 disposed:false
188 http cache https://registry.npmjs.org/minimatch 142ms (cache hit)
189 silly packumentCache corgi:https://registry.npmjs.org/minimatch set size:168441 disposed:false
190 http cache https://registry.npmjs.org/serialize-javascript 141ms (cache hit)
191 silly packumentCache corgi:https://registry.npmjs.org/serialize-javascript set size:36142 disposed:false
192 http cache https://registry.npmjs.org/flatted 145ms (cache hit)
193 silly packumentCache corgi:https://registry.npmjs.org/flatted set size:57858 disposed:false
194 http cache https://registry.npmjs.org/elliptic 151ms (cache hit)
195 silly packumentCache corgi:https://registry.npmjs.org/elliptic set size:67039 disposed:false
196 http cache https://registry.npmjs.org/path-to-regexp 151ms (cache hit)
197 silly packumentCache corgi:https://registry.npmjs.org/path-to-regexp set size:66575 disposed:false
198 http cache https://registry.npmjs.org/yargs-parser 147ms (cache hit)
199 silly packumentCache corgi:https://registry.npmjs.org/yargs-parser set size:114022 disposed:false
200 silly packumentCache corgi:https://registry.npmjs.org/eslint cache-miss
201 silly packumentCache corgi:https://registry.npmjs.org/istanbul-lib-instrument cache-miss
202 silly packumentCache corgi:https://registry.npmjs.org/jest-snapshot cache-miss
203 silly packumentCache corgi:https://registry.npmjs.org/react-scripts cache-miss
204 http cache https://registry.npmjs.org/istanbul-lib-instrument 5ms (cache hit)
205 silly packumentCache corgi:https://registry.npmjs.org/istanbul-lib-instrument set size:100602 disposed:false
206 http cache https://registry.npmjs.org/jest-snapshot 7ms (cache hit)
207 silly packumentCache corgi:https://registry.npmjs.org/jest-snapshot set size:471203 disposed:false
208 http cache https://registry.npmjs.org/react-scripts 9ms (cache hit)
209 silly packumentCache corgi:https://registry.npmjs.org/react-scripts set size:342451 disposed:false
210 http cache https://registry.npmjs.org/eslint 12ms (cache hit)
211 silly packumentCache corgi:https://registry.npmjs.org/eslint set size:1160227 disposed:false
212 silly packumentCache corgi:https://registry.npmjs.org/@babel%2fcore cache-miss
213 http cache https://registry.npmjs.org/@babel%2fcore 3ms (cache hit)
214 silly packumentCache corgi:https://registry.npmjs.org/@babel%2fcore set size:418957 disposed:false
215 silly packumentCache corgi:https://registry.npmjs.org/@babel%2fpreset-env cache-miss
216 http cache https://registry.npmjs.org/@babel%2fpreset-env 2ms (cache hit)
217 silly packumentCache corgi:https://registry.npmjs.org/@babel%2fpreset-env set size:952996 disposed:false
218 silly packumentCache corgi:https://registry.npmjs.org/babel-plugin-macros cache-miss
219 silly packumentCache corgi:https://registry.npmjs.org/date-fns cache-miss
220 silly packumentCache corgi:https://registry.npmjs.org/dom-helpers cache-miss
221 silly packumentCache corgi:https://registry.npmjs.org/eslint-plugin-jsx-a11y cache-miss
222 silly packumentCache corgi:https://registry.npmjs.org/history cache-miss
223 silly packumentCache corgi:https://registry.npmjs.org/polished cache-miss
224 silly packumentCache corgi:https://registry.npmjs.org/react-bootstrap cache-miss
225 silly packumentCache corgi:https://registry.npmjs.org/react-clientside-effect cache-miss
226 silly packumentCache corgi:https://registry.npmjs.org/react-focus-lock cache-miss
227 silly packumentCache corgi:https://registry.npmjs.org/react-multi-ref cache-miss
228 silly packumentCache corgi:https://registry.npmjs.org/react-overlays cache-miss
229 silly packumentCache corgi:https://registry.npmjs.org/react-router cache-miss
230 silly packumentCache corgi:https://registry.npmjs.org/react-router-dom cache-miss
231 silly packumentCache corgi:https://registry.npmjs.org/react-transition-group cache-miss
232 silly packumentCache corgi:https://registry.npmjs.org/react-virtualized cache-miss
233 silly packumentCache corgi:https://registry.npmjs.org/react-window cache-miss
234 silly packumentCache corgi:https://registry.npmjs.org/regenerator-transform cache-miss
235 silly packumentCache corgi:https://registry.npmjs.org/uncontrollable cache-miss
236 silly packumentCache corgi:https://registry.npmjs.org/workbox-build cache-miss
237 silly packumentCache corgi:https://registry.npmjs.org/workbox-webpack-plugin cache-miss
238 silly packumentCache corgi:https://registry.npmjs.org/babel-preset-react-app cache-miss
239 http cache https://registry.npmjs.org/history 14ms (cache hit)
240 silly packumentCache corgi:https://registry.npmjs.org/history set size:129853 disposed:false
241 http cache https://registry.npmjs.org/babel-plugin-macros 15ms (cache hit)
242 silly packumentCache corgi:https://registry.npmjs.org/babel-plugin-macros set size:48216 disposed:false
243 http cache https://registry.npmjs.org/date-fns 16ms (cache hit)
244 silly packumentCache corgi:https://registry.npmjs.org/date-fns set size:399066 disposed:false
245 http cache https://registry.npmjs.org/react-clientside-effect 19ms (cache hit)
246 silly packumentCache corgi:https://registry.npmjs.org/react-clientside-effect set size:21763 disposed:false
247 http cache https://registry.npmjs.org/react-focus-lock 19ms (cache hit)
248 silly packumentCache corgi:https://registry.npmjs.org/react-focus-lock set size:240791 disposed:false
249 http cache https://registry.npmjs.org/react-multi-ref 20ms (cache hit)
250 silly packumentCache corgi:https://registry.npmjs.org/react-multi-ref set size:4999 disposed:false
251 http cache https://registry.npmjs.org/uncontrollable 20ms (cache hit)
252 silly packumentCache corgi:https://registry.npmjs.org/uncontrollable set size:53994 disposed:false
253 http cache https://registry.npmjs.org/polished 22ms (cache hit)
254 silly packumentCache corgi:https://registry.npmjs.org/polished set size:223925 disposed:false
255 http cache https://registry.npmjs.org/react-router-dom 27ms (cache hit)
256 silly packumentCache corgi:https://registry.npmjs.org/react-router-dom set size:1058676 disposed:false
257 http cache https://registry.npmjs.org/dom-helpers 35ms (cache hit)
258 silly packumentCache corgi:https://registry.npmjs.org/dom-helpers set size:35093 disposed:false
259 http cache https://registry.npmjs.org/regenerator-transform 34ms (cache hit)
260 silly packumentCache corgi:https://registry.npmjs.org/regenerator-transform set size:38635 disposed:false
261 http cache https://registry.npmjs.org/react-router 37ms (cache hit)
262 silly packumentCache corgi:https://registry.npmjs.org/react-router set size:1333656 disposed:false
263 http cache https://registry.npmjs.org/react-window 44ms (cache hit)
264 silly packumentCache corgi:https://registry.npmjs.org/react-window set size:179492 disposed:false
265 http cache https://registry.npmjs.org/eslint-plugin-jsx-a11y 46ms (cache hit)
266 silly packumentCache corgi:https://registry.npmjs.org/eslint-plugin-jsx-a11y set size:108835 disposed:false
267 http cache https://registry.npmjs.org/react-virtualized 46ms (cache hit)
268 silly packumentCache corgi:https://registry.npmjs.org/react-virtualized set size:627529 disposed:false
269 http cache https://registry.npmjs.org/react-bootstrap 49ms (cache hit)
270 silly packumentCache corgi:https://registry.npmjs.org/react-bootstrap set size:430605 disposed:false
271 http cache https://registry.npmjs.org/react-overlays 52ms (cache hit)
272 silly packumentCache corgi:https://registry.npmjs.org/react-overlays set size:169361 disposed:false
273 http cache https://registry.npmjs.org/react-transition-group 52ms (cache hit)
274 silly packumentCache corgi:https://registry.npmjs.org/react-transition-group set size:56614 disposed:false
275 http cache https://registry.npmjs.org/workbox-webpack-plugin 53ms (cache hit)
276 silly packumentCache corgi:https://registry.npmjs.org/workbox-webpack-plugin set size:136237 disposed:false
277 http cache https://registry.npmjs.org/workbox-build 53ms (cache hit)
278 silly packumentCache corgi:https://registry.npmjs.org/workbox-build set size:194410 disposed:false
279 http cache https://registry.npmjs.org/babel-preset-react-app 55ms (cache hit)
280 silly packumentCache corgi:https://registry.npmjs.org/babel-preset-react-app set size:147133 disposed:false
281 silly packumentCache corgi:https://registry.npmjs.org/chokidar cache-miss
282 http cache https://registry.npmjs.org/chokidar 2ms (cache hit)
283 silly packumentCache corgi:https://registry.npmjs.org/chokidar set size:119454 disposed:false
284 silly packumentCache corgi:https://registry.npmjs.org/@jest%2fcore cache-miss
285 silly packumentCache corgi:https://registry.npmjs.org/@jest%2ftransform cache-miss
286 silly packumentCache corgi:https://registry.npmjs.org/anymatch cache-miss
287 silly packumentCache corgi:https://registry.npmjs.org/fast-glob cache-miss
288 silly packumentCache corgi:https://registry.npmjs.org/fork-ts-checker-webpack-plugin cache-miss
289 silly packumentCache corgi:https://registry.npmjs.org/jest-config cache-miss
290 silly packumentCache corgi:https://registry.npmjs.org/jest-haste-map cache-miss
291 silly packumentCache corgi:https://registry.npmjs.org/jest-message-util cache-miss
292 silly packumentCache corgi:https://registry.npmjs.org/lint-staged cache-miss
293 silly packumentCache corgi:https://registry.npmjs.org/readdirp cache-miss
294 silly packumentCache corgi:https://registry.npmjs.org/sane cache-miss
295 silly packumentCache corgi:https://registry.npmjs.org/webpack cache-miss
296 http cache https://registry.npmjs.org/fast-glob 7ms (cache hit)
297 silly packumentCache corgi:https://registry.npmjs.org/fast-glob set size:86036 disposed:false
298 http cache https://registry.npmjs.org/@jest%2fcore 13ms (cache hit)
299 silly packumentCache corgi:https://registry.npmjs.org/@jest%2fcore set size:388923 disposed:false
300 http cache https://registry.npmjs.org/jest-config 13ms (cache hit)
301 silly packumentCache corgi:https://registry.npmjs.org/jest-config set size:529999 disposed:false
302 http cache https://registry.npmjs.org/@jest%2ftransform 17ms (cache hit)
303 silly packumentCache corgi:https://registry.npmjs.org/@jest%2ftransform set size:292241 disposed:false
304 http cache https://registry.npmjs.org/lint-staged 17ms (cache hit)
305 silly packumentCache corgi:https://registry.npmjs.org/lint-staged set size:541012 disposed:false
306 http cache https://registry.npmjs.org/anymatch 19ms (cache hit)
307 silly packumentCache corgi:https://registry.npmjs.org/anymatch set size:18345 disposed:false
308 http cache https://registry.npmjs.org/jest-haste-map 20ms (cache hit)
309 silly packumentCache corgi:https://registry.npmjs.org/jest-haste-map set size:388657 disposed:false
310 http cache https://registry.npmjs.org/fork-ts-checker-webpack-plugin 21ms (cache hit)
311 silly packumentCache corgi:https://registry.npmjs.org/fork-ts-checker-webpack-plugin set size:592540 disposed:false
312 http cache https://registry.npmjs.org/jest-message-util 23ms (cache hit)
313 silly packumentCache corgi:https://registry.npmjs.org/jest-message-util set size:292619 disposed:false
314 http cache https://registry.npmjs.org/readdirp 24ms (cache hit)
315 silly packumentCache corgi:https://registry.npmjs.org/readdirp set size:47123 disposed:false
316 http cache https://registry.npmjs.org/sane 25ms (cache hit)
317 silly packumentCache corgi:https://registry.npmjs.org/sane set size:60114 disposed:false
318 http cache https://registry.npmjs.org/webpack 27ms (cache hit)
319 silly packumentCache corgi:https://registry.npmjs.org/webpack set size:2021672 disposed:false
320 silly packumentCache corgi:https://registry.npmjs.org/adjust-sourcemap-loader cache-miss
321 silly packumentCache corgi:https://registry.npmjs.org/resolve-url-loader cache-miss
322 http cache https://registry.npmjs.org/adjust-sourcemap-loader 2ms (cache hit)
323 silly packumentCache corgi:https://registry.npmjs.org/adjust-sourcemap-loader set size:12513 disposed:false
324 http cache https://registry.npmjs.org/resolve-url-loader 3ms (cache hit)
325 silly packumentCache corgi:https://registry.npmjs.org/resolve-url-loader set size:61938 disposed:false
326 silly packumentCache corgi:https://registry.npmjs.org/schema-utils cache-miss
327 silly packumentCache corgi:https://registry.npmjs.org/har-validator cache-miss
328 silly packumentCache corgi:https://registry.npmjs.org/table cache-miss
329 http cache https://registry.npmjs.org/schema-utils 6ms (cache hit)
330 silly packumentCache corgi:https://registry.npmjs.org/schema-utils set size:76871 disposed:false
331 http cache https://registry.npmjs.org/har-validator 7ms (cache hit)
332 silly packumentCache corgi:https://registry.npmjs.org/har-validator set size:49284 disposed:false
333 http cache https://registry.npmjs.org/table 8ms (cache hit)
334 silly packumentCache corgi:https://registry.npmjs.org/table set size:141478 disposed:false
335 silly packumentCache corgi:https://registry.npmjs.org/browserify-rsa cache-miss
336 silly packumentCache corgi:https://registry.npmjs.org/browserify-sign cache-miss
337 http cache https://registry.npmjs.org/browserify-rsa 2ms (cache hit)
338 silly packumentCache corgi:https://registry.npmjs.org/browserify-rsa set size:7369 disposed:false
339 http cache https://registry.npmjs.org/browserify-sign 2ms (cache hit)
340 silly packumentCache corgi:https://registry.npmjs.org/browserify-sign set size:29180 disposed:false
341 silly packumentCache corgi:https://registry.npmjs.org/asn1.js cache-miss
342 silly packumentCache corgi:https://registry.npmjs.org/create-ecdh cache-miss
343 silly packumentCache corgi:https://registry.npmjs.org/diffie-hellman cache-miss
344 silly packumentCache corgi:https://registry.npmjs.org/miller-rabin cache-miss
345 silly packumentCache corgi:https://registry.npmjs.org/public-encrypt cache-miss
346 http cache https://registry.npmjs.org/miller-rabin 3ms (cache hit)
347 silly packumentCache corgi:https://registry.npmjs.org/miller-rabin set size:8590 disposed:false
348 http cache https://registry.npmjs.org/diffie-hellman 3ms (cache hit)
349 silly packumentCache corgi:https://registry.npmjs.org/diffie-hellman set size:12638 disposed:false
350 http cache https://registry.npmjs.org/create-ecdh 3ms (cache hit)
351 silly packumentCache corgi:https://registry.npmjs.org/create-ecdh set size:10688 disposed:false
352 http cache https://registry.npmjs.org/public-encrypt 3ms (cache hit)
353 silly packumentCache corgi:https://registry.npmjs.org/public-encrypt set size:8563 disposed:false
354 http cache https://registry.npmjs.org/asn1.js 4ms (cache hit)
355 silly packumentCache corgi:https://registry.npmjs.org/asn1.js set size:48489 disposed:false
356 silly packumentCache corgi:https://registry.npmjs.org/url cache-miss
357 http cache https://registry.npmjs.org/url 1ms (cache hit)
358 silly packumentCache corgi:https://registry.npmjs.org/url set size:6951 disposed:false
359 silly packumentCache corgi:https://registry.npmjs.org/browserify-aes cache-miss
360 silly packumentCache corgi:https://registry.npmjs.org/browserify-des cache-miss
361 silly packumentCache corgi:https://registry.npmjs.org/create-hash cache-miss
362 silly packumentCache corgi:https://registry.npmjs.org/create-hmac cache-miss
363 http cache https://registry.npmjs.org/browserify-des 2ms (cache hit)
364 silly packumentCache corgi:https://registry.npmjs.org/browserify-des set size:3033 disposed:false
365 http cache https://registry.npmjs.org/create-hmac 3ms (cache hit)
366 silly packumentCache corgi:https://registry.npmjs.org/create-hmac set size:7286 disposed:false
367 http cache https://registry.npmjs.org/browserify-aes 3ms (cache hit)
368 silly packumentCache corgi:https://registry.npmjs.org/browserify-aes set size:17867 disposed:false
369 http cache https://registry.npmjs.org/create-hash 3ms (cache hit)
370 silly packumentCache corgi:https://registry.npmjs.org/create-hash set size:5401 disposed:false
371 silly packumentCache corgi:https://registry.npmjs.org/execa cache-miss
372 http cache https://registry.npmjs.org/execa 2ms (cache hit)
373 silly packumentCache corgi:https://registry.npmjs.org/execa set size:88813 disposed:false
374 silly packumentCache corgi:https://registry.npmjs.org/flat-cache cache-miss
375 http cache https://registry.npmjs.org/flat-cache 1ms (cache hit)
376 silly packumentCache corgi:https://registry.npmjs.org/flat-cache set size:50282 disposed:false
377 silly packumentCache corgi:https://registry.npmjs.org/http-proxy cache-miss
378 http cache https://registry.npmjs.org/http-proxy 1ms (cache hit)
379 silly packumentCache corgi:https://registry.npmjs.org/http-proxy set size:66005 disposed:false
380 silly packumentCache corgi:https://registry.npmjs.org/html-webpack-plugin cache-miss
381 http cache https://registry.npmjs.org/html-webpack-plugin 1ms (cache hit)
382 silly packumentCache corgi:https://registry.npmjs.org/html-webpack-plugin set size:237382 disposed:false
383 silly packumentCache corgi:https://registry.npmjs.org/dns-packet cache-miss
384 http cache https://registry.npmjs.org/dns-packet 2ms (cache hit)
385 silly packumentCache corgi:https://registry.npmjs.org/dns-packet set size:47403 disposed:false
386 silly packumentCache corgi:https://registry.npmjs.org/jsdom cache-miss
387 http cache https://registry.npmjs.org/jsdom 2ms (cache hit)
388 silly packumentCache corgi:https://registry.npmjs.org/jsdom set size:383595 disposed:false
389 silly packumentCache corgi:https://registry.npmjs.org/cosmiconfig cache-miss
390 silly packumentCache corgi:https://registry.npmjs.org/svgo cache-miss
391 http cache https://registry.npmjs.org/svgo 2ms (cache hit)
392 silly packumentCache corgi:https://registry.npmjs.org/svgo set size:138618 disposed:false
393 http cache https://registry.npmjs.org/cosmiconfig 3ms (cache hit)
394 silly packumentCache corgi:https://registry.npmjs.org/cosmiconfig set size:86096 disposed:false
395 silly packumentCache corgi:https://registry.npmjs.org/@typescript-eslint%2ftypescript-estree cache-miss
396 silly packumentCache corgi:https://registry.npmjs.org/async cache-miss
397 silly packumentCache corgi:https://registry.npmjs.org/babel-plugin-styled-components cache-miss
398 silly packumentCache corgi:https://registry.npmjs.org/eslint-plugin-flowtype cache-miss
399 silly packumentCache corgi:https://registry.npmjs.org/inquirer cache-miss
400 silly packumentCache corgi:https://registry.npmjs.org/last-call-webpack-plugin cache-miss
401 silly packumentCache corgi:https://registry.npmjs.org/pretty-error cache-miss
402 silly packumentCache corgi:https://registry.npmjs.org/react-chartjs-2 cache-miss
403 silly packumentCache corgi:https://registry.npmjs.org/renderkid cache-miss
404 silly packumentCache corgi:https://registry.npmjs.org/request-promise-core cache-miss
405 silly packumentCache corgi:https://registry.npmjs.org/webpack-manifest-plugin cache-miss
406 http cache https://registry.npmjs.org/async 17ms (cache hit)
407 silly packumentCache corgi:https://registry.npmjs.org/async set size:98095 disposed:false
408 http cache https://registry.npmjs.org/pretty-error 17ms (cache hit)
409 silly packumentCache corgi:https://registry.npmjs.org/pretty-error set size:27665 disposed:false
410 http cache https://registry.npmjs.org/eslint-plugin-flowtype 18ms (cache hit)
411 silly packumentCache corgi:https://registry.npmjs.org/eslint-plugin-flowtype set size:279887 disposed:false
412 http cache https://registry.npmjs.org/react-chartjs-2 19ms (cache hit)
413 silly packumentCache corgi:https://registry.npmjs.org/react-chartjs-2 set size:128944 disposed:false
414 http cache https://registry.npmjs.org/inquirer 21ms (cache hit)
415 silly packumentCache corgi:https://registry.npmjs.org/inquirer set size:267972 disposed:false
416 http cache https://registry.npmjs.org/renderkid 23ms (cache hit)
417 silly packumentCache corgi:https://registry.npmjs.org/renderkid set size:28799 disposed:false
418 http cache https://registry.npmjs.org/last-call-webpack-plugin 24ms (cache hit)
419 silly packumentCache corgi:https://registry.npmjs.org/last-call-webpack-plugin set size:4215 disposed:false
420 http cache https://registry.npmjs.org/webpack-manifest-plugin 24ms (cache hit)
421 silly packumentCache corgi:https://registry.npmjs.org/webpack-manifest-plugin set size:59691 disposed:false
422 http cache https://registry.npmjs.org/@typescript-eslint%2ftypescript-estree 32ms (cache hit)
423 silly packumentCache corgi:https://registry.npmjs.org/@typescript-eslint%2ftypescript-estree set size:8710967 disposed:false
424 http cache https://registry.npmjs.org/request-promise-core 117ms (cache hit)
425 silly packumentCache corgi:https://registry.npmjs.org/request-promise-core set size:6997 disposed:false
426 http cache https://registry.npmjs.org/babel-plugin-styled-components 118ms (cache hit)
427 silly packumentCache corgi:https://registry.npmjs.org/babel-plugin-styled-components set size:165617 disposed:false
428 silly packumentCache corgi:https://registry.npmjs.org/eslint-plugin-import cache-miss
429 silly packumentCache corgi:https://registry.npmjs.org/glob cache-miss
430 silly packumentCache corgi:https://registry.npmjs.org/prettier-package-json cache-miss
431 silly packumentCache corgi:https://registry.npmjs.org/test-exclude cache-miss
432 silly packumentCache corgi:https://registry.npmjs.org/recursive-readdir cache-miss
433 http cache https://registry.npmjs.org/prettier-package-json 4ms (cache hit)
434 silly packumentCache corgi:https://registry.npmjs.org/prettier-package-json set size:45259 disposed:false
435 http cache https://registry.npmjs.org/recursive-readdir 4ms (cache hit)
436 silly packumentCache corgi:https://registry.npmjs.org/recursive-readdir set size:10486 disposed:false
437 http cache https://registry.npmjs.org/eslint-plugin-import 5ms (cache hit)
438 silly packumentCache corgi:https://registry.npmjs.org/eslint-plugin-import set size:238396 disposed:false
439 http cache https://registry.npmjs.org/glob 6ms (cache hit)
440 silly packumentCache corgi:https://registry.npmjs.org/glob set size:199194 disposed:false
441 http cache https://registry.npmjs.org/test-exclude 7ms (cache hit)
442 silly packumentCache corgi:https://registry.npmjs.org/test-exclude set size:42527 disposed:false
443 silly packumentCache corgi:https://registry.npmjs.org/timezone-support cache-miss
444 http cache https://registry.npmjs.org/timezone-support 1ms (cache hit)
445 silly packumentCache corgi:https://registry.npmjs.org/timezone-support set size:67231 disposed:false
446 silly packumentCache corgi:https://registry.npmjs.org/selfsigned cache-miss
447 http cache https://registry.npmjs.org/selfsigned 1ms (cache hit)
448 silly packumentCache corgi:https://registry.npmjs.org/selfsigned set size:37003 disposed:false
449 silly packumentCache corgi:https://registry.npmjs.org/@jest%2freporters cache-miss
450 http cache https://registry.npmjs.org/@jest%2freporters 1ms (cache hit)
451 silly packumentCache corgi:https://registry.npmjs.org/@jest%2freporters set size:377733 disposed:false
452 silly packumentCache corgi:https://registry.npmjs.org/css-select cache-miss
453 http cache https://registry.npmjs.org/css-select 1ms (cache hit)
454 silly packumentCache corgi:https://registry.npmjs.org/css-select set size:49649 disposed:false
455 silly packumentCache corgi:https://registry.npmjs.org/compression cache-miss
456 http cache https://registry.npmjs.org/compression 1ms (cache hit)
457 silly packumentCache corgi:https://registry.npmjs.org/compression set size:31993 disposed:false
458 silly packumentCache corgi:https://registry.npmjs.org/crypto-browserify cache-miss
459 silly packumentCache corgi:https://registry.npmjs.org/parse-asn1 cache-miss
460 http cache https://registry.npmjs.org/parse-asn1 1ms (cache hit)
461 silly packumentCache corgi:https://registry.npmjs.org/parse-asn1 set size:18240 disposed:false
462 http cache https://registry.npmjs.org/crypto-browserify 1ms (cache hit)
463 silly packumentCache corgi:https://registry.npmjs.org/crypto-browserify set size:52098 disposed:false
464 silly packumentCache corgi:https://registry.npmjs.org/autoprefixer cache-miss
465 silly packumentCache corgi:https://registry.npmjs.org/css-blank-pseudo cache-miss
466 silly packumentCache corgi:https://registry.npmjs.org/css-declaration-sorter cache-miss
467 silly packumentCache corgi:https://registry.npmjs.org/css-has-pseudo cache-miss
468 silly packumentCache corgi:https://registry.npmjs.org/css-loader cache-miss
469 silly packumentCache corgi:https://registry.npmjs.org/css-prefers-color-scheme cache-miss
470 silly packumentCache corgi:https://registry.npmjs.org/cssnano cache-miss
471 silly packumentCache corgi:https://registry.npmjs.org/cssnano-preset-default cache-miss
472 silly packumentCache corgi:https://registry.npmjs.org/cssnano-util-raw-cache cache-miss
473 silly packumentCache corgi:https://registry.npmjs.org/icss-utils cache-miss
474 silly packumentCache corgi:https://registry.npmjs.org/postcss-attribute-case-insensitive cache-miss
475 silly packumentCache corgi:https://registry.npmjs.org/postcss-browser-comments cache-miss
476 silly packumentCache corgi:https://registry.npmjs.org/postcss-calc cache-miss
477 silly packumentCache corgi:https://registry.npmjs.org/postcss-color-functional-notation cache-miss
478 silly packumentCache corgi:https://registry.npmjs.org/postcss-color-gray cache-miss
479 silly packumentCache corgi:https://registry.npmjs.org/postcss-color-hex-alpha cache-miss
480 silly packumentCache corgi:https://registry.npmjs.org/postcss-color-mod-function cache-miss
481 silly packumentCache corgi:https://registry.npmjs.org/postcss-color-rebeccapurple cache-miss
482 silly packumentCache corgi:https://registry.npmjs.org/postcss-colormin cache-miss
483 silly packumentCache corgi:https://registry.npmjs.org/postcss-convert-values cache-miss
484 silly packumentCache corgi:https://registry.npmjs.org/postcss-custom-media cache-miss
485 silly packumentCache corgi:https://registry.npmjs.org/postcss-custom-properties cache-miss
486 silly packumentCache corgi:https://registry.npmjs.org/postcss-custom-selectors cache-miss
487 silly packumentCache corgi:https://registry.npmjs.org/postcss-dir-pseudo-class cache-miss
488 silly packumentCache corgi:https://registry.npmjs.org/postcss-discard-comments cache-miss
489 silly packumentCache corgi:https://registry.npmjs.org/postcss-discard-duplicates cache-miss
490 silly packumentCache corgi:https://registry.npmjs.org/postcss-discard-empty cache-miss
491 silly packumentCache corgi:https://registry.npmjs.org/postcss-discard-overridden cache-miss
492 silly packumentCache corgi:https://registry.npmjs.org/postcss-double-position-gradients cache-miss
493 silly packumentCache corgi:https://registry.npmjs.org/postcss-env-function cache-miss
494 silly packumentCache corgi:https://registry.npmjs.org/postcss-flexbugs-fixes cache-miss
495 silly packumentCache corgi:https://registry.npmjs.org/postcss-focus-visible cache-miss
496 silly packumentCache corgi:https://registry.npmjs.org/postcss-focus-within cache-miss
497 silly packumentCache corgi:https://registry.npmjs.org/postcss-font-variant cache-miss
498 silly packumentCache corgi:https://registry.npmjs.org/postcss-gap-properties cache-miss
499 silly packumentCache corgi:https://registry.npmjs.org/postcss-image-set-function cache-miss
500 silly packumentCache corgi:https://registry.npmjs.org/postcss-initial cache-miss
501 silly packumentCache corgi:https://registry.npmjs.org/postcss-lab-function cache-miss
502 silly packumentCache corgi:https://registry.npmjs.org/postcss-loader cache-miss
503 silly packumentCache corgi:https://registry.npmjs.org/postcss-logical cache-miss
504 silly packumentCache corgi:https://registry.npmjs.org/postcss-media-minmax cache-miss
505 silly packumentCache corgi:https://registry.npmjs.org/postcss-merge-longhand cache-miss
506 silly packumentCache corgi:https://registry.npmjs.org/postcss-merge-rules cache-miss
507 silly packumentCache corgi:https://registry.npmjs.org/postcss-minify-font-values cache-miss
508 silly packumentCache corgi:https://registry.npmjs.org/postcss-minify-gradients cache-miss
509 silly packumentCache corgi:https://registry.npmjs.org/postcss-minify-params cache-miss
510 silly packumentCache corgi:https://registry.npmjs.org/postcss-minify-selectors cache-miss
511 silly packumentCache corgi:https://registry.npmjs.org/postcss-modules-extract-imports cache-miss
512 silly packumentCache corgi:https://registry.npmjs.org/postcss-modules-local-by-default cache-miss
513 silly packumentCache corgi:https://registry.npmjs.org/postcss-modules-scope cache-miss
514 silly packumentCache corgi:https://registry.npmjs.org/postcss-modules-values cache-miss
515 silly packumentCache corgi:https://registry.npmjs.org/postcss-nesting cache-miss
516 silly packumentCache corgi:https://registry.npmjs.org/postcss-normalize cache-miss
517 silly packumentCache corgi:https://registry.npmjs.org/postcss-normalize-charset cache-miss
518 silly packumentCache corgi:https://registry.npmjs.org/postcss-normalize-display-values cache-miss
519 silly packumentCache corgi:https://registry.npmjs.org/postcss-normalize-positions cache-miss
520 silly packumentCache corgi:https://registry.npmjs.org/postcss-normalize-repeat-style cache-miss
521 silly packumentCache corgi:https://registry.npmjs.org/postcss-normalize-string cache-miss
522 silly packumentCache corgi:https://registry.npmjs.org/postcss-normalize-timing-functions cache-miss
523 silly packumentCache corgi:https://registry.npmjs.org/postcss-normalize-unicode cache-miss
524 silly packumentCache corgi:https://registry.npmjs.org/postcss-normalize-url cache-miss
525 silly packumentCache corgi:https://registry.npmjs.org/postcss-normalize-whitespace cache-miss
526 silly packumentCache corgi:https://registry.npmjs.org/postcss-ordered-values cache-miss
527 silly packumentCache corgi:https://registry.npmjs.org/postcss-overflow-shorthand cache-miss
528 silly packumentCache corgi:https://registry.npmjs.org/postcss-page-break cache-miss
529 silly packumentCache corgi:https://registry.npmjs.org/postcss-place cache-miss
530 silly packumentCache corgi:https://registry.npmjs.org/postcss-preset-env cache-miss
531 silly packumentCache corgi:https://registry.npmjs.org/postcss-pseudo-class-any-link cache-miss
532 silly packumentCache corgi:https://registry.npmjs.org/postcss-reduce-initial cache-miss
533 silly packumentCache corgi:https://registry.npmjs.org/postcss-reduce-transforms cache-miss
534 silly packumentCache corgi:https://registry.npmjs.org/postcss-replace-overflow-wrap cache-miss
535 silly packumentCache corgi:https://registry.npmjs.org/postcss-safe-parser cache-miss
536 silly packumentCache corgi:https://registry.npmjs.org/postcss-selector-matches cache-miss
537 silly packumentCache corgi:https://registry.npmjs.org/postcss-selector-not cache-miss
538 silly packumentCache corgi:https://registry.npmjs.org/postcss-svgo cache-miss
539 silly packumentCache corgi:https://registry.npmjs.org/postcss-unique-selectors cache-miss
540 silly packumentCache corgi:https://registry.npmjs.org/stylehacks cache-miss
541 http cache https://registry.npmjs.org/cssnano-preset-default 52ms (cache hit)
542 silly packumentCache corgi:https://registry.npmjs.org/cssnano-preset-default set size:212514 disposed:false
543 http cache https://registry.npmjs.org/postcss-attribute-case-insensitive 53ms (cache hit)
544 silly packumentCache corgi:https://registry.npmjs.org/postcss-attribute-case-insensitive set size:25828 disposed:false
545 http cache https://registry.npmjs.org/cssnano 53ms (cache hit)
546 silly packumentCache corgi:https://registry.npmjs.org/cssnano set size:249021 disposed:false
547 http cache https://registry.npmjs.org/css-prefers-color-scheme 55ms (cache hit)
548 silly packumentCache corgi:https://registry.npmjs.org/css-prefers-color-scheme set size:30626 disposed:false
549 http cache https://registry.npmjs.org/icss-utils 56ms (cache hit)
550 silly packumentCache corgi:https://registry.npmjs.org/icss-utils set size:13079 disposed:false
551 http cache https://registry.npmjs.org/postcss-browser-comments 56ms (cache hit)
552 silly packumentCache corgi:https://registry.npmjs.org/postcss-browser-comments set size:11280 disposed:false
553 http cache https://registry.npmjs.org/css-has-pseudo 56ms (cache hit)
554 silly packumentCache corgi:https://registry.npmjs.org/css-has-pseudo set size:51534 disposed:false
555 http cache https://registry.npmjs.org/css-loader 57ms (cache hit)
556 silly packumentCache corgi:https://registry.npmjs.org/css-loader set size:243401 disposed:false
557 http cache https://registry.npmjs.org/css-blank-pseudo 58ms (cache hit)
558 silly packumentCache corgi:https://registry.npmjs.org/css-blank-pseudo set size:35734 disposed:false
559 http cache https://registry.npmjs.org/postcss-color-functional-notation 57ms (cache hit)
560 silly packumentCache corgi:https://registry.npmjs.org/postcss-color-functional-notation set size:69067 disposed:false
561 http cache https://registry.npmjs.org/autoprefixer 60ms (cache hit)
562 silly packumentCache corgi:https://registry.npmjs.org/autoprefixer set size:298545 disposed:false
563 http cache https://registry.npmjs.org/postcss-color-mod-function 59ms (cache hit)
564 silly packumentCache corgi:https://registry.npmjs.org/postcss-color-mod-function set size:19176 disposed:false
565 http cache https://registry.npmjs.org/postcss-colormin 59ms (cache hit)
566 silly packumentCache corgi:https://registry.npmjs.org/postcss-colormin set size:91306 disposed:false
567 http cache https://registry.npmjs.org/postcss-custom-properties 60ms (cache hit)
568 silly packumentCache corgi:https://registry.npmjs.org/postcss-custom-properties set size:120876 disposed:false
569 http cache https://registry.npmjs.org/postcss-custom-media 60ms (cache hit)
570 silly packumentCache corgi:https://registry.npmjs.org/postcss-custom-media set size:59469 disposed:false
571 http cache https://registry.npmjs.org/cssnano-util-raw-cache 62ms (cache hit)
572 silly packumentCache corgi:https://registry.npmjs.org/cssnano-util-raw-cache set size:3689 disposed:false
573 http cache https://registry.npmjs.org/postcss-convert-values 61ms (cache hit)
574 silly packumentCache corgi:https://registry.npmjs.org/postcss-convert-values set size:92448 disposed:false
575 http cache https://registry.npmjs.org/css-declaration-sorter 62ms (cache hit)
576 silly packumentCache corgi:https://registry.npmjs.org/css-declaration-sorter set size:58247 disposed:false
577 http cache https://registry.npmjs.org/postcss-dir-pseudo-class 62ms (cache hit)
578 silly packumentCache corgi:https://registry.npmjs.org/postcss-dir-pseudo-class set size:26189 disposed:false
579 http cache https://registry.npmjs.org/postcss-custom-selectors 62ms (cache hit)
580 silly packumentCache corgi:https://registry.npmjs.org/postcss-custom-selectors set size:47804 disposed:false
581 http cache https://registry.npmjs.org/postcss-discard-overridden 63ms (cache hit)
582 silly packumentCache corgi:https://registry.npmjs.org/postcss-discard-overridden set size:54177 disposed:false
583 http cache https://registry.npmjs.org/postcss-calc 66ms (cache hit)
584 silly packumentCache corgi:https://registry.npmjs.org/postcss-calc set size:45697 disposed:false
585 http cache https://registry.npmjs.org/postcss-color-rebeccapurple 65ms (cache hit)
586 silly packumentCache corgi:https://registry.npmjs.org/postcss-color-rebeccapurple set size:30583 disposed:false
587 http cache https://registry.npmjs.org/postcss-discard-duplicates 65ms (cache hit)
588 silly packumentCache corgi:https://registry.npmjs.org/postcss-discard-duplicates set size:63402 disposed:false
589 http cache https://registry.npmjs.org/postcss-double-position-gradients 65ms (cache hit)
590 silly packumentCache corgi:https://registry.npmjs.org/postcss-double-position-gradients set size:39755 disposed:false
591 http cache https://registry.npmjs.org/postcss-discard-comments 66ms (cache hit)
592 silly packumentCache corgi:https://registry.npmjs.org/postcss-discard-comments set size:71663 disposed:false
593 http cache https://registry.npmjs.org/postcss-focus-visible 65ms (cache hit)
594 silly packumentCache corgi:https://registry.npmjs.org/postcss-focus-visible set size:24915 disposed:false
595 http cache https://registry.npmjs.org/postcss-focus-within 65ms (cache hit)
596 silly packumentCache corgi:https://registry.npmjs.org/postcss-focus-within set size:26330 disposed:false
597 http cache https://registry.npmjs.org/postcss-lab-function 66ms (cache hit)
598 silly packumentCache corgi:https://registry.npmjs.org/postcss-lab-function set size:82837 disposed:false
599 http cache https://registry.npmjs.org/postcss-font-variant 66ms (cache hit)
600 silly packumentCache corgi:https://registry.npmjs.org/postcss-font-variant set size:9720 disposed:false
601 http cache https://registry.npmjs.org/postcss-color-gray 67ms (cache hit)
602 silly packumentCache corgi:https://registry.npmjs.org/postcss-color-gray set size:8670 disposed:false
603 http cache https://registry.npmjs.org/postcss-loader 66ms (cache hit)
604 silly packumentCache corgi:https://registry.npmjs.org/postcss-loader set size:134258 disposed:false
605 http cache https://registry.npmjs.org/postcss-flexbugs-fixes 67ms (cache hit)
606 silly packumentCache corgi:https://registry.npmjs.org/postcss-flexbugs-fixes set size:21877 disposed:false
607 http cache https://registry.npmjs.org/postcss-image-set-function 67ms (cache hit)
608 silly packumentCache corgi:https://registry.npmjs.org/postcss-image-set-function set size:30186 disposed:false
609 http cache https://registry.npmjs.org/postcss-logical 67ms (cache hit)
610 silly packumentCache corgi:https://registry.npmjs.org/postcss-logical set size:28962 disposed:false
611 http cache https://registry.npmjs.org/postcss-initial 68ms (cache hit)
612 silly packumentCache corgi:https://registry.npmjs.org/postcss-initial set size:17055 disposed:false
613 http cache https://registry.npmjs.org/postcss-media-minmax 67ms (cache hit)
614 silly packumentCache corgi:https://registry.npmjs.org/postcss-media-minmax set size:7881 disposed:false
615 http cache https://registry.npmjs.org/postcss-minify-font-values 67ms (cache hit)
616 silly packumentCache corgi:https://registry.npmjs.org/postcss-minify-font-values set size:61173 disposed:false
617 http cache https://registry.npmjs.org/postcss-gap-properties 68ms (cache hit)
618 silly packumentCache corgi:https://registry.npmjs.org/postcss-gap-properties set size:19023 disposed:false
619 http cache https://registry.npmjs.org/postcss-env-function 68ms (cache hit)
620 silly packumentCache corgi:https://registry.npmjs.org/postcss-env-function set size:25195 disposed:false
621 http cache https://registry.npmjs.org/postcss-modules-extract-imports 66ms (cache hit)
622 silly packumentCache corgi:https://registry.npmjs.org/postcss-modules-extract-imports set size:20843 disposed:false
623 http cache https://registry.npmjs.org/postcss-merge-rules 68ms (cache hit)
624 silly packumentCache corgi:https://registry.npmjs.org/postcss-merge-rules set size:104211 disposed:false
625 http cache https://registry.npmjs.org/postcss-modules-values 67ms (cache hit)
626 silly packumentCache corgi:https://registry.npmjs.org/postcss-modules-values set size:22165 disposed:false
627 http cache https://registry.npmjs.org/postcss-minify-selectors 69ms (cache hit)
628 silly packumentCache corgi:https://registry.npmjs.org/postcss-minify-selectors set size:86941 disposed:false
629 http cache https://registry.npmjs.org/postcss-nesting 68ms (cache hit)
630 silly packumentCache corgi:https://registry.npmjs.org/postcss-nesting set size:76475 disposed:false
631 http cache https://registry.npmjs.org/postcss-normalize-charset 67ms (cache hit)
632 silly packumentCache corgi:https://registry.npmjs.org/postcss-normalize-charset set size:52584 disposed:false
633 http cache https://registry.npmjs.org/postcss-discard-empty 71ms (cache hit)
634 silly packumentCache corgi:https://registry.npmjs.org/postcss-discard-empty set size:57298 disposed:false
635 http cache https://registry.npmjs.org/postcss-modules-scope 69ms (cache hit)
636 silly packumentCache corgi:https://registry.npmjs.org/postcss-modules-scope set size:31384 disposed:false
637 http cache https://registry.npmjs.org/postcss-merge-longhand 71ms (cache hit)
638 silly packumentCache corgi:https://registry.npmjs.org/postcss-merge-longhand set size:93426 disposed:false
639 http cache https://registry.npmjs.org/postcss-minify-params 71ms (cache hit)
640 silly packumentCache corgi:https://registry.npmjs.org/postcss-minify-params set size:81363 disposed:false
641 http cache https://registry.npmjs.org/postcss-normalize-positions 68ms (cache hit)
642 silly packumentCache corgi:https://registry.npmjs.org/postcss-normalize-positions set size:57777 disposed:false
643 http cache https://registry.npmjs.org/postcss-normalize 71ms (cache hit)
644 silly packumentCache corgi:https://registry.npmjs.org/postcss-normalize set size:27537 disposed:false
645 http cache https://registry.npmjs.org/postcss-normalize-display-values 69ms (cache hit)
646 silly packumentCache corgi:https://registry.npmjs.org/postcss-normalize-display-values set size:55277 disposed:false
647 http cache https://registry.npmjs.org/postcss-normalize-timing-functions 68ms (cache hit)
648 silly packumentCache corgi:https://registry.npmjs.org/postcss-normalize-timing-functions set size:55509 disposed:false
649 http cache https://registry.npmjs.org/postcss-normalize-repeat-style 70ms (cache hit)
650 silly packumentCache corgi:https://registry.npmjs.org/postcss-normalize-repeat-style set size:58607 disposed:false
651 http cache https://registry.npmjs.org/postcss-normalize-unicode 69ms (cache hit)
652 silly packumentCache corgi:https://registry.npmjs.org/postcss-normalize-unicode set size:62851 disposed:false
653 http cache https://registry.npmjs.org/postcss-ordered-values 68ms (cache hit)
654 silly packumentCache corgi:https://registry.npmjs.org/postcss-ordered-values set size:76556 disposed:false
655 http cache https://registry.npmjs.org/postcss-page-break 67ms (cache hit)
656 silly packumentCache corgi:https://registry.npmjs.org/postcss-page-break set size:10950 disposed:false
657 http cache https://registry.npmjs.org/postcss-place 68ms (cache hit)
658 silly packumentCache corgi:https://registry.npmjs.org/postcss-place set size:27729 disposed:false
659 http cache https://registry.npmjs.org/postcss-normalize-whitespace 69ms (cache hit)
660 silly packumentCache corgi:https://registry.npmjs.org/postcss-normalize-whitespace set size:57396 disposed:false
661 http cache https://registry.npmjs.org/postcss-normalize-string 71ms (cache hit)
662 silly packumentCache corgi:https://registry.npmjs.org/postcss-normalize-string set size:55524 disposed:false
663 http cache https://registry.npmjs.org/postcss-pseudo-class-any-link 68ms (cache hit)
664 silly packumentCache corgi:https://registry.npmjs.org/postcss-pseudo-class-any-link set size:36043 disposed:false
665 http cache https://registry.npmjs.org/postcss-overflow-shorthand 69ms (cache hit)
666 silly packumentCache corgi:https://registry.npmjs.org/postcss-overflow-shorthand set size:19703 disposed:false
667 http cache https://registry.npmjs.org/postcss-safe-parser 68ms (cache hit)
668 silly packumentCache corgi:https://registry.npmjs.org/postcss-safe-parser set size:26187 disposed:false
669 http cache https://registry.npmjs.org/postcss-reduce-initial 68ms (cache hit)
670 silly packumentCache corgi:https://registry.npmjs.org/postcss-reduce-initial set size:68268 disposed:false
671 http cache https://registry.npmjs.org/postcss-normalize-url 71ms (cache hit)
672 silly packumentCache corgi:https://registry.npmjs.org/postcss-normalize-url set size:73085 disposed:false
673 http cache https://registry.npmjs.org/postcss-preset-env 70ms (cache hit)
674 silly packumentCache corgi:https://registry.npmjs.org/postcss-preset-env set size:464642 disposed:false
675 http cache https://registry.npmjs.org/postcss-selector-matches 71ms (cache hit)
676 silly packumentCache corgi:https://registry.npmjs.org/postcss-selector-matches set size:13646 disposed:false
677 http cache https://registry.npmjs.org/postcss-minify-gradients 78ms (cache hit)
678 silly packumentCache corgi:https://registry.npmjs.org/postcss-minify-gradients set size:68938 disposed:false
679 http cache https://registry.npmjs.org/stylehacks 71ms (cache hit)
680 silly packumentCache corgi:https://registry.npmjs.org/stylehacks set size:71589 disposed:false
681 http cache https://registry.npmjs.org/postcss-color-hex-alpha 81ms (cache hit)
682 silly packumentCache corgi:https://registry.npmjs.org/postcss-color-hex-alpha set size:32873 disposed:false
683 http cache https://registry.npmjs.org/postcss-reduce-transforms 72ms (cache hit)
684 silly packumentCache corgi:https://registry.npmjs.org/postcss-reduce-transforms set size:60219 disposed:false
685 http cache https://registry.npmjs.org/postcss-selector-not 72ms (cache hit)
686 silly packumentCache corgi:https://registry.npmjs.org/postcss-selector-not set size:21595 disposed:false
687 http cache https://registry.npmjs.org/postcss-unique-selectors 72ms (cache hit)
688 silly packumentCache corgi:https://registry.npmjs.org/postcss-unique-selectors set size:64482 disposed:false
689 http cache https://registry.npmjs.org/postcss-replace-overflow-wrap 73ms (cache hit)
690 silly packumentCache corgi:https://registry.npmjs.org/postcss-replace-overflow-wrap set size:5243 disposed:false
691 http cache https://registry.npmjs.org/postcss-svgo 73ms (cache hit)
692 silly packumentCache corgi:https://registry.npmjs.org/postcss-svgo set size:72080 disposed:false
693 http cache https://registry.npmjs.org/postcss-modules-local-by-default 79ms (cache hit)
694 silly packumentCache corgi:https://registry.npmjs.org/postcss-modules-local-by-default set size:48451 disposed:false
695 silly packumentCache corgi:https://registry.npmjs.org/terser-webpack-plugin cache-miss
696 http cache https://registry.npmjs.org/terser-webpack-plugin 2ms (cache hit)
697 silly packumentCache corgi:https://registry.npmjs.org/terser-webpack-plugin set size:213564 disposed:false
698 silly packumentCache corgi:https://registry.npmjs.org/external-editor cache-miss
699 http cache https://registry.npmjs.org/external-editor 1ms (cache hit)
700 silly packumentCache corgi:https://registry.npmjs.org/external-editor set size:17808 disposed:false
701 silly packumentCache corgi:https://registry.npmjs.org/request-promise-native cache-miss
702 http cache https://registry.npmjs.org/request-promise-native 2ms (cache hit)
703 silly packumentCache corgi:https://registry.npmjs.org/request-promise-native set size:15914 disposed:false
704 silly packumentCache corgi:https://registry.npmjs.org/webpack-log cache-miss
705 http cache https://registry.npmjs.org/webpack-log 2ms (cache hit)
706 silly packumentCache corgi:https://registry.npmjs.org/webpack-log set size:13044 disposed:false
707 silly packumentCache corgi:https://registry.npmjs.org/yargs cache-miss
708 http cache https://registry.npmjs.org/yargs 2ms (cache hit)
709 silly packumentCache corgi:https://registry.npmjs.org/yargs set size:342846 disposed:false
710 silly packumentCache corgi:https://registry.npmjs.org/watchpack-chokidar2 cache-miss
711 http cache https://registry.npmjs.org/watchpack-chokidar2 2ms (cache hit)
712 silly packumentCache corgi:https://registry.npmjs.org/watchpack-chokidar2 set size:3110 disposed:false
713 silly packumentCache corgi:https://registry.npmjs.org/globby cache-miss
714 http cache https://registry.npmjs.org/globby 1ms (cache hit)
715 silly packumentCache corgi:https://registry.npmjs.org/globby set size:70605 disposed:false
716 silly packumentCache corgi:https://registry.npmjs.org/jest-cli cache-miss
717 http cache https://registry.npmjs.org/jest-cli 2ms (cache hit)
718 silly packumentCache corgi:https://registry.npmjs.org/jest-cli set size:642191 disposed:false
719 silly packumentCache corgi:https://registry.npmjs.org/jest-runner cache-miss
720 silly packumentCache corgi:https://registry.npmjs.org/jest-runtime cache-miss
721 http cache https://registry.npmjs.org/jest-runner 4ms (cache hit)
722 silly packumentCache corgi:https://registry.npmjs.org/jest-runner set size:451040 disposed:false
723 http cache https://registry.npmjs.org/jest-runtime 6ms (cache hit)
724 silly packumentCache corgi:https://registry.npmjs.org/jest-runtime set size:570248 disposed:false
725 silly packumentCache corgi:https://registry.npmjs.org/@jest%2fenvironment cache-miss
726 silly packumentCache corgi:https://registry.npmjs.org/babel-jest cache-miss
727 http cache https://registry.npmjs.org/@jest%2fenvironment 6ms (cache hit)
728 silly packumentCache corgi:https://registry.npmjs.org/@jest%2fenvironment set size:199014 disposed:false
729 http cache https://registry.npmjs.org/babel-jest 6ms (cache hit)
730 silly packumentCache corgi:https://registry.npmjs.org/babel-jest set size:369532 disposed:false
731 silly packumentCache corgi:https://registry.npmjs.org/@jest%2ftest-sequencer cache-miss
732 http cache https://registry.npmjs.org/@jest%2ftest-sequencer 4ms (cache hit)
733 silly packumentCache corgi:https://registry.npmjs.org/@jest%2ftest-sequencer set size:227434 disposed:false
734 silly packumentCache corgi:https://registry.npmjs.org/@jest%2ffake-timers cache-miss
735 silly packumentCache corgi:https://registry.npmjs.org/expect cache-miss
736 silly packumentCache corgi:https://registry.npmjs.org/jest-jasmine2 cache-miss
737 http cache https://registry.npmjs.org/jest-jasmine2 4ms (cache hit)
738 silly packumentCache corgi:https://registry.npmjs.org/jest-jasmine2 set size:463991 disposed:false
739 http cache https://registry.npmjs.org/@jest%2ffake-timers 6ms (cache hit)
740 silly packumentCache corgi:https://registry.npmjs.org/@jest%2ffake-timers set size:207910 disposed:false
741 http cache https://registry.npmjs.org/expect 7ms (cache hit)
742 silly packumentCache corgi:https://registry.npmjs.org/expect set size:337445 disposed:false
743 silly packumentCache corgi:https://registry.npmjs.org/file-entry-cache cache-miss
744 http cache https://registry.npmjs.org/file-entry-cache 3ms (cache hit)
745 silly packumentCache corgi:https://registry.npmjs.org/file-entry-cache set size:39617 disposed:false
746 silly packumentCache corgi:https://registry.npmjs.org/multicast-dns cache-miss
747 http cache https://registry.npmjs.org/multicast-dns 2ms (cache hit)
748 silly packumentCache corgi:https://registry.npmjs.org/multicast-dns set size:33661 disposed:false
749 silly packumentCache corgi:https://registry.npmjs.org/baseui cache-miss
750 http cache https://registry.npmjs.org/baseui 8ms (cache hit)
751 silly packumentCache corgi:https://registry.npmjs.org/baseui set size:5663541 disposed:false
752 silly packumentCache corgi:https://registry.npmjs.org/optimize-css-assets-webpack-plugin cache-miss
753 http cache https://registry.npmjs.org/optimize-css-assets-webpack-plugin 1ms (cache hit)
754 silly packumentCache corgi:https://registry.npmjs.org/optimize-css-assets-webpack-plugin set size:35916 disposed:false
755 silly packumentCache corgi:https://registry.npmjs.org/jest-environment-jsdom-fourteen cache-miss
756 silly packumentCache corgi:https://registry.npmjs.org/jest-environment-jsdom cache-miss
757 http cache https://registry.npmjs.org/jest-environment-jsdom-fourteen 5ms (cache hit)
758 silly packumentCache corgi:https://registry.npmjs.org/jest-environment-jsdom-fourteen set size:7675 disposed:false
759 http cache https://registry.npmjs.org/jest-environment-jsdom 6ms (cache hit)
760 silly packumentCache corgi:https://registry.npmjs.org/jest-environment-jsdom set size:347321 disposed:false
761 silly packumentCache corgi:https://registry.npmjs.org/watchpack cache-miss
762 http cache https://registry.npmjs.org/watchpack 6ms (cache hit)
763 silly packumentCache corgi:https://registry.npmjs.org/watchpack set size:77633 disposed:false
764 silly packumentCache corgi:https://registry.npmjs.org/jest cache-miss
765 http cache https://registry.npmjs.org/jest 5ms (cache hit)
766 silly packumentCache corgi:https://registry.npmjs.org/jest set size:408741 disposed:false
767 silly packumentCache corgi:https://registry.npmjs.org/jest-environment-node cache-miss
768 http cache https://registry.npmjs.org/jest-environment-node 6ms (cache hit)
769 silly packumentCache corgi:https://registry.npmjs.org/jest-environment-node set size:337535 disposed:false
770 silly packumentCache corgi:https://registry.npmjs.org/jest-resolve-dependencies cache-miss
771 http cache https://registry.npmjs.org/jest-resolve-dependencies 3ms (cache hit)
772 silly packumentCache corgi:https://registry.npmjs.org/jest-resolve-dependencies set size:349313 disposed:false
773 silly packumentCache corgi:https://registry.npmjs.org/jest-util cache-miss
774 http cache https://registry.npmjs.org/jest-util 2ms (cache hit)
775 silly packumentCache corgi:https://registry.npmjs.org/jest-util set size:315897 disposed:false
776 silly packumentCache corgi:https://registry.npmjs.org/bonjour cache-miss
777 http cache https://registry.npmjs.org/bonjour 1ms (cache hit)
778 silly packumentCache corgi:https://registry.npmjs.org/bonjour set size:8878 disposed:false
779 silly packumentCache corgi:https://registry.npmjs.org/@svgr%2fplugin-svgo cache-miss
780 http cache https://registry.npmjs.org/@svgr%2fplugin-svgo 1ms (cache hit)
781 silly packumentCache corgi:https://registry.npmjs.org/@svgr%2fplugin-svgo set size:36570 disposed:false
782 silly packumentCache corgi:https://registry.npmjs.org/jest-each cache-miss
783 silly packumentCache corgi:https://registry.npmjs.org/jest-watcher cache-miss
784 http cache https://registry.npmjs.org/jest-each 6ms (cache hit)
785 silly packumentCache corgi:https://registry.npmjs.org/jest-each set size:224462 disposed:false
786 http cache https://registry.npmjs.org/jest-watcher 7ms (cache hit)
787 silly packumentCache corgi:https://registry.npmjs.org/jest-watcher set size:221669 disposed:false
788 silly packumentCache corgi:https://registry.npmjs.org/@svgr%2fwebpack cache-miss
789 http cache https://registry.npmjs.org/@svgr%2fwebpack 1ms (cache hit)
790 silly packumentCache corgi:https://registry.npmjs.org/@svgr%2fwebpack set size:85201 disposed:false
791 silly packumentCache corgi:https://registry.npmjs.org/jest-watch-typeahead cache-miss
792 http cache https://registry.npmjs.org/jest-watch-typeahead 2ms (cache hit)
793 silly packumentCache corgi:https://registry.npmjs.org/jest-watch-typeahead set size:69801 disposed:false
794 http fetch GET 200 https://registry.npmjs.org/react-is/-/react-is-19.2.7.tgz 5934ms (cache miss)
795 silly ADD node_modules/react-is
796 verbose cwd /Users/lixiuhui/Desktop/vibe coding/培训汇报/site2
797 verbose os Darwin 24.5.0
798 verbose node v24.16.0
799 verbose npm  v11.13.0
800 verbose exit 0
801 info ok
